{"nm":"coche electrico","ddd":0,"h":170,"w":200,"meta":{"g":"@lottiefiles/toolkit-js 0.33.2"},"layers":[{"ty":4,"nm":"rayo contornos","sr":1,"st":0,"op":151,"ip":0,"hd":false,"ddd":0,"bm":0,"hasMask":false,"ao":0,"ks":{"a":{"a":0,"k":[9.216,18.321,0],"ix":1},"s":{"a":1,"k":[{"o":{"x":0.502,"y":0},"i":{"x":0.765,"y":1},"s":[90,90,100],"t":6},{"o":{"x":0.502,"y":0},"i":{"x":0.765,"y":1},"s":[130,130,100],"t":13},{"o":{"x":0.502,"y":0},"i":{"x":0.765,"y":1},"s":[90,90,100],"t":20},{"o":{"x":0.502,"y":0},"i":{"x":0.765,"y":1},"s":[130,130,100],"t":27},{"o":{"x":0.502,"y":0},"i":{"x":0.765,"y":1},"s":[90,90,100],"t":34},{"o":{"x":0.502,"y":0},"i":{"x":0.765,"y":1},"s":[130,130,100],"t":41},{"o":{"x":0.502,"y":0},"i":{"x":0.765,"y":1},"s":[90,90,100],"t":48},{"o":{"x":0.502,"y":0},"i":{"x":0.765,"y":1},"s":[130,130,100],"t":55},{"o":{"x":0.502,"y":0},"i":{"x":0.765,"y":1},"s":[90,90,100],"t":62},{"o":{"x":0.502,"y":0},"i":{"x":0.765,"y":1},"s":[130,130,100],"t":69},{"o":{"x":0.502,"y":0},"i":{"x":0.765,"y":1},"s":[90,90,100],"t":76},{"o":{"x":0.502,"y":0},"i":{"x":0.765,"y":1},"s":[130,130,100],"t":83},{"o":{"x":0.502,"y":0},"i":{"x":0.765,"y":1},"s":[90,90,100],"t":90},{"o":{"x":0.502,"y":0},"i":{"x":0.765,"y":1},"s":[130,130,100],"t":97},{"o":{"x":0.502,"y":0},"i":{"x":0.765,"y":1},"s":[90,90,100],"t":104},{"o":{"x":0.502,"y":0},"i":{"x":0.765,"y":1},"s":[130,130,100],"t":111},{"o":{"x":0.502,"y":0},"i":{"x":0.765,"y":1},"s":[90,90,100],"t":118},{"o":{"x":0.502,"y":0},"i":{"x":0.765,"y":1},"s":[130,130,100],"t":125},{"o":{"x":0.502,"y":0},"i":{"x":0.765,"y":1},"s":[90,90,100],"t":132},{"o":{"x":0.502,"y":0},"i":{"x":0.765,"y":1},"s":[130,130,100],"t":139},{"s":[90,90,100],"t":146}],"ix":6},"sk":{"a":0,"k":0},"p":{"a":0,"k":[161.109,99.476,0],"ix":2},"r":{"a":0,"k":0,"ix":10},"sa":{"a":0,"k":0},"o":{"a":0,"k":100,"ix":11}},"ef":[],"shapes":[{"ty":"gr","bm":0,"hd":false,"mn":"ADBE Vector Group","nm":"Grupo 1","ix":1,"cix":2,"np":4,"it":[{"ty":"sh","bm":0,"hd":false,"mn":"ADBE Vector Shape - Group","nm":"Trazado 1","ix":1,"d":1,"ks":{"a":0,"k":{"c":true,"i":[[0.096,0],[0.17,-0.354],[0,0],[-0.182,-0.291],[-0.344,0],[0,0],[0,0],[-0.468,-0.162],[-0.109,0],[-0.177,0.337],[0,0],[0.182,0.3],[0.35,0],[0,0],[0,0],[0.472,0.143]],"o":[[-0.376,0],[0,0],[-0.149,0.311],[0.184,0.291],[0,0],[0,0],[-0.09,0.487],[0.107,0.038],[0.362,0],[0,0],[0.162,-0.31],[-0.18,-0.299],[0,0],[0,0],[0.069,-0.488],[-0.096,-0.029]],"v":[[2.336,-18.07],[1.435,-17.503],[-8.818,3.823],[-8.764,4.788],[-7.917,5.257],[-1.614,5.257],[-3.774,16.887],[-3.118,18.014],[-2.791,18.07],[-1.905,17.535],[8.805,-2.876],[8.773,-3.858],[7.919,-4.34],[1.564,-4.34],[3.326,-16.931],[2.624,-18.027]]},"ix":2}},{"ty":"sh","bm":0,"hd":false,"mn":"ADBE Vector Shape - Group","nm":"Trazado 2","ix":2,"d":1,"ks":{"a":0,"k":{"c":true,"i":[[0,0],[0,0],[0,0],[0,0],[0,0],[0,0]],"o":[[0,0],[0,0],[0,0],[0,0],[0,0],[0,0]],"v":[[2.336,-17.07],[0.413,-3.34],[7.919,-3.34],[-2.791,17.07],[-0.411,4.257],[-7.917,4.257]]},"ix":2}},{"ty":"mm","bm":0,"hd":false,"mn":"ADBE Vector Filter - Merge","nm":"Combinar trazados 1","mm":1},{"ty":"fl","bm":0,"hd":false,"mn":"ADBE Vector Graphic - Fill","nm":"Relleno 1","c":{"a":0,"k":[0,0,0],"ix":4},"r":1,"o":{"a":0,"k":100,"ix":5}},{"ty":"tr","a":{"a":0,"k":[0,0],"ix":1},"s":{"a":0,"k":[100,100],"ix":3},"sk":{"a":0,"k":0,"ix":4},"p":{"a":0,"k":[9.216,18.321],"ix":2},"r":{"a":0,"k":0,"ix":6},"sa":{"a":0,"k":0,"ix":5},"o":{"a":0,"k":100,"ix":7}}]},{"ty":"gr","bm":0,"hd":false,"mn":"ADBE Vector Group","nm":"Grupo 2","ix":2,"cix":2,"np":2,"it":[{"ty":"sh","bm":0,"hd":false,"mn":"ADBE Vector Shape - Group","nm":"Trazado 1","ix":1,"d":1,"ks":{"a":0,"k":{"c":true,"i":[[0.182,0],[0.055,0.018],[-0.046,0.243],[0,0],[0,0],[0.091,0.146],[-0.075,0.155],[0,0],[-0.189,0],[-0.048,-0.015],[0.034,-0.244],[0,0],[0,0],[-0.091,-0.149],[0.082,-0.155],[0,0]],"o":[[-0.055,0],[-0.233,-0.081],[0,0],[0,0],[-0.172,0],[-0.092,-0.145],[0,0],[0.085,-0.177],[0.048,0],[0.236,0.071],[0,0],[0,0],[0.175,0],[0.091,0.149],[0,0],[-0.088,0.168]],"v":[[-2.791,17.57],[-2.955,17.544],[-3.283,16.98],[-1.013,4.757],[-7.916,4.757],[-8.339,4.523],[-8.367,4.04],[1.885,-17.286],[2.335,-17.57],[2.48,-17.548],[2.829,-17.001],[0.988,-3.84],[7.918,-3.84],[8.346,-3.6],[8.359,-3.109],[-2.35,17.303]]},"ix":2}},{"ty":"fl","bm":0,"hd":false,"mn":"ADBE Vector Graphic - Fill","nm":"Relleno 1","c":{"a":0,"k":[0.1294,0.4863,0.1137],"ix":4},"r":1,"o":{"a":0,"k":100,"ix":5}},{"ty":"tr","a":{"a":0,"k":[0,0],"ix":1},"s":{"a":0,"k":[100,100],"ix":3},"sk":{"a":0,"k":0,"ix":4},"p":{"a":0,"k":[9.217,18.321],"ix":2},"r":{"a":0,"k":0,"ix":6},"sa":{"a":0,"k":0,"ix":5},"o":{"a":0,"k":100,"ix":7}}]}],"ind":1},{"ty":4,"nm":"estacion contornos","sr":1,"st":0,"op":151,"ip":0,"hd":false,"ddd":0,"bm":0,"hasMask":false,"ao":0,"ks":{"a":{"a":0,"k":[31.436,48.033,0],"ix":1},"s":{"a":0,"k":[100,100,100],"ix":6},"sk":{"a":0,"k":0},"p":{"a":0,"k":[162.087,83.702,0],"ix":2},"r":{"a":0,"k":0,"ix":10},"sa":{"a":0,"k":0},"o":{"a":0,"k":100,"ix":11}},"ef":[],"shapes":[{"ty":"gr","bm":0,"hd":false,"mn":"ADBE Vector Group","nm":"Grupo 1","ix":1,"cix":2,"np":5,"it":[{"ty":"sh","bm":0,"hd":false,"mn":"ADBE Vector Shape - Group","nm":"Trazado 1","ix":1,"d":1,"ks":{"a":0,"k":{"c":true,"i":[[0,0],[2.712,0],[0,0],[0,2.712],[0,0],[-2.712,0],[0,0],[0,-2.713]],"o":[[0,2.712],[0,0],[-2.712,0],[0,0],[0,-2.713],[0,0],[2.712,0],[0,0]],"v":[[16.934,-18.551],[12.023,-13.64],[-11.516,-13.64],[-16.427,-18.551],[-16.427,-35.517],[-11.516,-40.428],[12.023,-40.428],[16.934,-35.517]]},"ix":2}},{"ty":"sh","bm":0,"hd":false,"mn":"ADBE Vector Shape - Group","nm":"Trazado 2","ix":2,"d":1,"ks":{"a":0,"k":{"c":true,"i":[[0.613,0],[0,0],[0,0],[2.161,0],[0,0],[0,-2.161],[0,0],[0,0],[0,-1.085],[0,0],[-1.085,0],[0,0],[0,0],[0,0],[0,-0.614],[0,0],[-0.614,0],[0,0],[0,0.613],[0,0]],"o":[[0,0],[0,0],[0,-2.161],[0,0],[-2.161,0],[0,0],[0,0],[-1.085,0],[0,0],[0,1.084],[0,0],[0,0],[0,0],[-0.614,0],[0,0],[0,0.613],[0,0],[0.613,0],[0,0],[0,-0.614]],"v":[[27.825,36.984],[21.408,36.984],[21.408,-41.62],[17.495,-45.533],[-16.988,-45.533],[-20.901,-41.62],[-20.901,-9.978],[-23.33,-9.978],[-25.294,-8.014],[-25.294,2.695],[-23.33,4.658],[-20.901,4.658],[-20.901,36.984],[-27.825,36.984],[-28.936,38.096],[-28.936,44.421],[-27.825,45.533],[27.825,45.533],[28.936,44.421],[28.936,38.096]]},"ix":2}},{"ty":"mm","bm":0,"hd":false,"mn":"ADBE Vector Filter - Merge","nm":"Combinar trazados 1","mm":1},{"ty":"st","bm":0,"hd":false,"mn":"ADBE Vector Graphic - Stroke","nm":"Trazo 1","lc":1,"lj":1,"ml":10,"o":{"a":0,"k":100,"ix":4},"w":{"a":0,"k":1,"ix":5},"c":{"a":0,"k":[0,0,0],"ix":3}},{"ty":"fl","bm":0,"hd":false,"mn":"ADBE Vector Graphic - Fill","nm":"Relleno 1","c":{"a":0,"k":[0,0,0],"ix":4},"r":1,"o":{"a":0,"k":100,"ix":5}},{"ty":"tr","a":{"a":0,"k":[0,0],"ix":1},"s":{"a":0,"k":[100,100],"ix":3},"sk":{"a":0,"k":0,"ix":4},"p":{"a":0,"k":[31.436,48.033],"ix":2},"r":{"a":0,"k":0,"ix":6},"sa":{"a":0,"k":0,"ix":5},"o":{"a":0,"k":100,"ix":7}}]}],"ind":2},{"ty":4,"nm":"coche contornos","sr":1,"st":0,"op":151,"ip":0,"hd":false,"ddd":0,"bm":0,"hasMask":false,"ao":0,"ks":{"a":{"a":0,"k":[47.377,37.76,0],"ix":1},"s":{"a":0,"k":[100,100,100],"ix":6},"sk":{"a":0,"k":0},"p":{"a":0,"k":[53.854,94.321,0],"ix":2},"r":{"a":0,"k":0,"ix":10},"sa":{"a":0,"k":0},"o":{"a":0,"k":100,"ix":11}},"ef":[],"shapes":[{"ty":"gr","bm":0,"hd":false,"mn":"ADBE Vector Group","nm":"Grupo 1","ix":1,"cix":2,"np":8,"it":[{"ty":"sh","bm":0,"hd":false,"mn":"ADBE Vector Shape - Group","nm":"Trazado 1","ix":1,"d":1,"ks":{"a":0,"k":{"c":true,"i":[[1.686,-0.356],[0,0],[0.356,1.686],[0,0],[-1.686,0.356],[0,0],[-0.356,-1.685],[0,0]],"o":[[0,0],[-1.686,0.356],[0,0],[-0.356,-1.686],[0,0],[1.685,-0.355],[0,0],[0.356,1.685]],"v":[[36.981,2.598],[25.001,5.127],[21.304,2.719],[21.23,2.368],[23.638,-1.329],[35.619,-3.858],[39.315,-1.451],[39.389,-1.098]]},"ix":2}},{"ty":"sh","bm":0,"hd":false,"mn":"ADBE Vector Shape - Group","nm":"Trazado 2","ix":2,"d":1,"ks":{"a":0,"k":{"c":true,"i":[[0,0],[2.085,0],[0,0],[0,2.085],[0,0],[-2.085,0],[0,0],[0,-2.085]],"o":[[0,2.085],[0,0],[-2.085,0],[0,0],[0,-2.085],[0,0],[2.085,0],[0,0]],"v":[[17.916,7.915],[14.141,11.691],[-14.141,11.691],[-17.915,7.915],[-17.915,6.479],[-14.141,2.704],[14.141,2.704],[17.916,6.479]]},"ix":2}},{"ty":"sh","bm":0,"hd":false,"mn":"ADBE Vector Shape - Group","nm":"Trazado 3","ix":3,"d":1,"ks":{"a":0,"k":{"c":true,"i":[[0.356,-1.686],[0,0],[1.686,0.356],[0,0],[-0.356,1.685],[0,0],[-1.686,-0.355],[0,0]],"o":[[0,0],[-0.356,1.686],[0,0],[-1.685,-0.356],[0,0],[0.355,-1.685],[0,0],[1.686,0.356]],"v":[[-21.229,2.368],[-21.304,2.719],[-25,5.127],[-36.981,2.598],[-39.389,-1.098],[-39.314,-1.451],[-35.618,-3.858],[-23.638,-1.329]]},"ix":2}},{"ty":"sh","bm":0,"hd":false,"mn":"ADBE Vector Shape - Group","nm":"Trazado 4","ix":4,"d":1,"ks":{"a":0,"k":{"c":true,"i":[[0,0],[-7.042,0],[0,0],[0,-7.042],[0,0],[0,0]],"o":[[0,-7.042],[0,0],[7.042,0],[0,0],[0,0],[0,0]],"v":[[-24.988,-18.259],[-12.218,-31.029],[12.217,-31.029],[24.989,-18.259],[24.989,-14.109],[-24.988,-14.109]]},"ix":2}},{"ty":"sh","bm":0,"hd":false,"mn":"ADBE Vector Shape - Group","nm":"Trazado 5","ix":5,"d":1,"ks":{"a":0,"k":{"c":true,"i":[[4.354,2.731],[0,0],[0,0],[0,1.603],[1.604,0],[0,0],[0,-1.604],[0,0],[0,0],[1.564,0.064],[0,0],[9.375,0],[0,0],[0,-9.373],[0,0],[1.412,-0.494],[0,0],[0,0],[1.604,0],[0,0],[0,-1.604],[-1.604,0],[0,0],[0,0],[0,-5.518],[0,0],[-3.953,0],[0,3.952],[0,0],[0,0],[0,0],[0,0],[-3.954,0],[0,3.952],[0,0]],"o":[[0,0],[0,0],[1.604,0],[0,-1.604],[0,0],[-1.603,0],[0,0],[0,0],[-1.412,-0.494],[0,0],[0,-9.373],[0,0],[-9.373,0],[0,0],[-1.564,0.064],[0,0],[0,0],[0,-1.604],[0,0],[-1.604,0],[0,1.603],[0,0],[0,0],[-4.354,2.731],[0,0],[0,3.952],[3.953,0],[0,0],[0,0],[0,0],[0,0],[0,3.952],[3.952,0],[0,0],[0,-5.518]],"v":[[36.794,-9.785],[37.716,-12.148],[41.974,-12.148],[44.877,-15.051],[41.974,-17.956],[36.617,-17.956],[33.713,-15.051],[33.713,-11.285],[33.706,-11.27],[29.219,-12.094],[29.219,-18.259],[12.217,-35.26],[-12.218,-35.26],[-29.218,-18.259],[-29.218,-12.094],[-33.705,-11.27],[-33.713,-11.285],[-33.713,-15.051],[-36.617,-17.956],[-41.973,-17.956],[-44.877,-15.051],[-41.973,-12.148],[-37.716,-12.148],[-36.793,-9.785],[-44.051,3.292],[-44.051,28.103],[-36.894,35.26],[-29.737,28.103],[-29.737,24.603],[0,24.603],[29.737,24.603],[29.737,28.103],[36.895,35.26],[44.051,28.103],[44.051,3.292]]},"ix":2}},{"ty":"mm","bm":0,"hd":false,"mn":"ADBE Vector Filter - Merge","nm":"Combinar trazados 1","mm":1},{"ty":"st","bm":0,"hd":false,"mn":"ADBE Vector Graphic - Stroke","nm":"Trazo 1","lc":1,"lj":1,"ml":10,"o":{"a":0,"k":100,"ix":4},"w":{"a":0,"k":1,"ix":5},"c":{"a":0,"k":[0,0,0],"ix":3}},{"ty":"fl","bm":0,"hd":false,"mn":"ADBE Vector Graphic - Fill","nm":"Relleno 1","c":{"a":0,"k":[0.1294,0.4863,0.1137],"ix":4},"r":1,"o":{"a":0,"k":100,"ix":5}},{"ty":"tr","a":{"a":0,"k":[0,0],"ix":1},"s":{"a":0,"k":[100,100],"ix":3},"sk":{"a":0,"k":0,"ix":4},"p":{"a":0,"k":[47.377,37.76],"ix":2},"r":{"a":0,"k":0,"ix":6},"sa":{"a":0,"k":0,"ix":5},"o":{"a":0,"k":100,"ix":7}}]}],"ind":3},{"ty":4,"nm":"gasolina contornos 4","sr":1,"st":68,"op":147,"ip":89,"hd":false,"ddd":0,"bm":0,"hasMask":false,"ao":0,"ks":{"a":{"a":0,"k":[9.03,5.751,0],"ix":1},"s":{"a":0,"k":[100,100,100],"ix":6},"sk":{"a":0,"k":0},"p":{"a":1,"k":[{"o":{"x":0.167,"y":0.167},"i":{"x":0.833,"y":0.833},"s":[144.764,81.562,0],"t":90,"ti":[0,0,0],"to":[0,0,0]},{"o":{"x":0.167,"y":0.167},"i":{"x":0.833,"y":0.833},"s":[136.764,81.562,0],"t":93,"ti":[0,0,0],"to":[0,0,0]},{"o":{"x":0.167,"y":0.167},"i":{"x":0.833,"y":0.833},"s":[130.319,81.562,0],"t":96.149,"ti":[0,-3.049,0],"to":[-3.049,0,0]},{"o":{"x":0.167,"y":0.167},"i":{"x":0.833,"y":0.833},"s":[124.798,87.084,0],"t":100.388,"ti":[0,0,0],"to":[0,0,0]},{"o":{"x":0.167,"y":0.167},"i":{"x":0.833,"y":0.833},"s":[124.798,122.837,0],"t":117.86,"ti":[3.049,0,0],"to":[0,3.049,0]},{"o":{"x":0.167,"y":0.167},"i":{"x":0.833,"y":0.833},"s":[119.278,128.357,0],"t":122.099,"ti":[0,0,0],"to":[0,0,0]},{"o":{"x":0.167,"y":0.167},"i":{"x":0.833,"y":0.833},"s":[111.092,128.357,0],"t":126.1,"ti":[0,3.049,0],"to":[-3.049,0,0]},{"o":{"x":0.167,"y":0.167},"i":{"x":0.833,"y":0.833},"s":[105.572,122.837,0],"t":130.338,"ti":[0,0,0],"to":[0,0,0]},{"o":{"x":0.167,"y":0.167},"i":{"x":0.833,"y":0.833},"s":[105.572,107.775,0],"t":137.698,"ti":[3.049,0,0],"to":[0,-3.048,0]},{"o":{"x":0.167,"y":0.167},"i":{"x":0.833,"y":0.833},"s":[100.051,102.256,0],"t":141.937,"ti":[0,0,0],"to":[0,0,0]},{"o":{"x":0.167,"y":0.167},"i":{"x":0.833,"y":0.833},"s":[97.875,102.256,0],"t":143,"ti":[0,0,0],"to":[0,0,0]},{"s":[91.875,102.256,0],"t":146}],"ix":2},"r":{"a":1,"k":[{"o":{"x":0.167,"y":0.167},"i":{"x":0.833,"y":0.833},"s":[0],"t":93},{"o":{"x":0.167,"y":0.167},"i":{"x":0.833,"y":0.833},"s":[0],"t":95},{"o":{"x":0.167,"y":0.167},"i":{"x":0.833,"y":0.833},"s":[-15],"t":96},{"o":{"x":0.167,"y":0.167},"i":{"x":0.833,"y":0.833},"s":[-22],"t":97},{"o":{"x":0.167,"y":0.167},"i":{"x":0.833,"y":0.833},"s":[-40],"t":98},{"o":{"x":0.167,"y":0.167},"i":{"x":0.833,"y":0.833},"s":[-58],"t":99},{"o":{"x":0.167,"y":0.167},"i":{"x":0.833,"y":0.833},"s":[-73],"t":100},{"o":{"x":0.167,"y":0.167},"i":{"x":0.833,"y":0.833},"s":[-90],"t":101},{"o":{"x":0.167,"y":0.167},"i":{"x":0.833,"y":0.833},"s":[-90],"t":118},{"o":{"x":0.167,"y":0.167},"i":{"x":0.833,"y":0.833},"s":[-73],"t":119},{"o":{"x":0.167,"y":0.167},"i":{"x":0.833,"y":0.833},"s":[-49],"t":120},{"o":{"x":0.167,"y":0.167},"i":{"x":0.833,"y":0.833},"s":[-28],"t":121},{"o":{"x":0.167,"y":0.167},"i":{"x":0.833,"y":0.833},"s":[-14],"t":122},{"o":{"x":0.167,"y":0.167},"i":{"x":0.833,"y":0.833},"s":[-8],"t":123},{"o":{"x":0.167,"y":0.167},"i":{"x":0.833,"y":0.833},"s":[0],"t":124},{"o":{"x":0.167,"y":0.167},"i":{"x":0.833,"y":0.833},"s":[0],"t":126},{"o":{"x":0.167,"y":0.167},"i":{"x":0.833,"y":0.833},"s":[8],"t":127},{"o":{"x":0.167,"y":0.167},"i":{"x":0.833,"y":0.833},"s":[25],"t":128},{"o":{"x":0.167,"y":0.167},"i":{"x":0.833,"y":0.833},"s":[41],"t":129},{"o":{"x":0.167,"y":0.167},"i":{"x":0.833,"y":0.833},"s":[66],"t":130},{"o":{"x":0.167,"y":0.167},"i":{"x":0.833,"y":0.833},"s":[82],"t":131},{"o":{"x":0.167,"y":0.167},"i":{"x":0.833,"y":0.833},"s":[90],"t":132},{"o":{"x":0.167,"y":0.167},"i":{"x":0.833,"y":0.833},"s":[76],"t":138},{"o":{"x":0.167,"y":0.167},"i":{"x":0.833,"y":0.833},"s":[68],"t":139},{"o":{"x":0.167,"y":0.167},"i":{"x":0.833,"y":0.833},"s":[53],"t":140},{"o":{"x":0.167,"y":0.167},"i":{"x":0.833,"y":0.833},"s":[32],"t":141},{"o":{"x":0.167,"y":0.167},"i":{"x":0.833,"y":0.833},"s":[19],"t":142},{"s":[0],"t":143}],"ix":10},"sa":{"a":0,"k":0},"o":{"a":0,"k":100,"ix":11}},"ef":[],"shapes":[{"ty":"gr","bm":0,"hd":false,"mn":"ADBE Vector Group","nm":"Grupo 1","ix":1,"cix":2,"np":3,"it":[{"ty":"sh","bm":0,"hd":false,"mn":"ADBE Vector Shape - Group","nm":"Trazado 1","ix":1,"d":1,"ks":{"a":0,"k":{"c":true,"i":[[0.771,0],[0,0],[0,0.771],[0,0],[-0.771,0],[0,0],[0,-0.771],[0,0]],"o":[[0,0],[-0.771,0],[0,0],[0,-0.771],[0,0],[0.771,0],[0,0],[0,0.771]],"v":[[5.134,3.251],[-5.134,3.251],[-6.53,1.855],[-6.53,-1.855],[-5.134,-3.251],[5.134,-3.251],[6.53,-1.855],[6.53,1.855]]},"ix":2}},{"ty":"st","bm":0,"hd":false,"mn":"ADBE Vector Graphic - Stroke","nm":"Trazo 1","lc":1,"lj":1,"ml":10,"o":{"a":0,"k":100,"ix":4},"w":{"a":0,"k":1,"ix":5},"c":{"a":0,"k":[0,0,0],"ix":3}},{"ty":"fl","bm":0,"hd":false,"mn":"ADBE Vector Graphic - Fill","nm":"Relleno 1","c":{"a":0,"k":[0.1294,0.4863,0.1137],"ix":4},"r":1,"o":{"a":0,"k":100,"ix":5}},{"ty":"tr","a":{"a":0,"k":[0,0],"ix":1},"s":{"a":0,"k":[100,100],"ix":3},"sk":{"a":0,"k":0,"ix":4},"p":{"a":0,"k":[9.03,5.751],"ix":2},"r":{"a":0,"k":0,"ix":6},"sa":{"a":0,"k":0,"ix":5},"o":{"a":0,"k":100,"ix":7}}]}],"ind":4},{"ty":4,"nm":"gasolina contornos 3","sr":1,"st":40,"op":119,"ip":61,"hd":false,"ddd":0,"bm":0,"hasMask":false,"ao":0,"ks":{"a":{"a":0,"k":[9.03,5.751,0],"ix":1},"s":{"a":0,"k":[100,100,100],"ix":6},"sk":{"a":0,"k":0},"p":{"a":1,"k":[{"o":{"x":0.167,"y":0.167},"i":{"x":0.833,"y":0.833},"s":[144.764,81.562,0],"t":62,"ti":[0,0,0],"to":[0,0,0]},{"o":{"x":0.167,"y":0.167},"i":{"x":0.833,"y":0.833},"s":[136.764,81.562,0],"t":65,"ti":[0,0,0],"to":[0,0,0]},{"o":{"x":0.167,"y":0.167},"i":{"x":0.833,"y":0.833},"s":[130.319,81.562,0],"t":68.149,"ti":[0,-3.049,0],"to":[-3.049,0,0]},{"o":{"x":0.167,"y":0.167},"i":{"x":0.833,"y":0.833},"s":[124.798,87.084,0],"t":72.388,"ti":[0,0,0],"to":[0,0,0]},{"o":{"x":0.167,"y":0.167},"i":{"x":0.833,"y":0.833},"s":[124.798,122.837,0],"t":89.86,"ti":[3.049,0,0],"to":[0,3.049,0]},{"o":{"x":0.167,"y":0.167},"i":{"x":0.833,"y":0.833},"s":[119.278,128.357,0],"t":94.099,"ti":[0,0,0],"to":[0,0,0]},{"o":{"x":0.167,"y":0.167},"i":{"x":0.833,"y":0.833},"s":[111.092,128.357,0],"t":98.1,"ti":[0,3.049,0],"to":[-3.049,0,0]},{"o":{"x":0.167,"y":0.167},"i":{"x":0.833,"y":0.833},"s":[105.572,122.837,0],"t":102.338,"ti":[0,0,0],"to":[0,0,0]},{"o":{"x":0.167,"y":0.167},"i":{"x":0.833,"y":0.833},"s":[105.572,107.775,0],"t":109.698,"ti":[3.049,0,0],"to":[0,-3.048,0]},{"o":{"x":0.167,"y":0.167},"i":{"x":0.833,"y":0.833},"s":[100.051,102.256,0],"t":113.937,"ti":[0,0,0],"to":[0,0,0]},{"o":{"x":0.167,"y":0.167},"i":{"x":0.833,"y":0.833},"s":[97.875,102.256,0],"t":115,"ti":[0,0,0],"to":[0,0,0]},{"s":[91.875,102.256,0],"t":118}],"ix":2},"r":{"a":1,"k":[{"o":{"x":0.167,"y":0.167},"i":{"x":0.833,"y":0.833},"s":[0],"t":65},{"o":{"x":0.167,"y":0.167},"i":{"x":0.833,"y":0.833},"s":[0],"t":67},{"o":{"x":0.167,"y":0.167},"i":{"x":0.833,"y":0.833},"s":[-15],"t":68},{"o":{"x":0.167,"y":0.167},"i":{"x":0.833,"y":0.833},"s":[-22],"t":69},{"o":{"x":0.167,"y":0.167},"i":{"x":0.833,"y":0.833},"s":[-40],"t":70},{"o":{"x":0.167,"y":0.167},"i":{"x":0.833,"y":0.833},"s":[-58],"t":71},{"o":{"x":0.167,"y":0.167},"i":{"x":0.833,"y":0.833},"s":[-73],"t":72},{"o":{"x":0.167,"y":0.167},"i":{"x":0.833,"y":0.833},"s":[-90],"t":73},{"o":{"x":0.167,"y":0.167},"i":{"x":0.833,"y":0.833},"s":[-90],"t":90},{"o":{"x":0.167,"y":0.167},"i":{"x":0.833,"y":0.833},"s":[-73],"t":91},{"o":{"x":0.167,"y":0.167},"i":{"x":0.833,"y":0.833},"s":[-49],"t":92},{"o":{"x":0.167,"y":0.167},"i":{"x":0.833,"y":0.833},"s":[-28],"t":93},{"o":{"x":0.167,"y":0.167},"i":{"x":0.833,"y":0.833},"s":[-14],"t":94},{"o":{"x":0.167,"y":0.167},"i":{"x":0.833,"y":0.833},"s":[-8],"t":95},{"o":{"x":0.167,"y":0.167},"i":{"x":0.833,"y":0.833},"s":[0],"t":96},{"o":{"x":0.167,"y":0.167},"i":{"x":0.833,"y":0.833},"s":[0],"t":98},{"o":{"x":0.167,"y":0.167},"i":{"x":0.833,"y":0.833},"s":[8],"t":99},{"o":{"x":0.167,"y":0.167},"i":{"x":0.833,"y":0.833},"s":[25],"t":100},{"o":{"x":0.167,"y":0.167},"i":{"x":0.833,"y":0.833},"s":[41],"t":101},{"o":{"x":0.167,"y":0.167},"i":{"x":0.833,"y":0.833},"s":[66],"t":102},{"o":{"x":0.167,"y":0.167},"i":{"x":0.833,"y":0.833},"s":[82],"t":103},{"o":{"x":0.167,"y":0.167},"i":{"x":0.833,"y":0.833},"s":[90],"t":104},{"o":{"x":0.167,"y":0.167},"i":{"x":0.833,"y":0.833},"s":[76],"t":110},{"o":{"x":0.167,"y":0.167},"i":{"x":0.833,"y":0.833},"s":[68],"t":111},{"o":{"x":0.167,"y":0.167},"i":{"x":0.833,"y":0.833},"s":[53],"t":112},{"o":{"x":0.167,"y":0.167},"i":{"x":0.833,"y":0.833},"s":[32],"t":113},{"o":{"x":0.167,"y":0.167},"i":{"x":0.833,"y":0.833},"s":[19],"t":114},{"s":[0],"t":115}],"ix":10},"sa":{"a":0,"k":0},"o":{"a":0,"k":100,"ix":11}},"ef":[],"shapes":[{"ty":"gr","bm":0,"hd":false,"mn":"ADBE Vector Group","nm":"Grupo 1","ix":1,"cix":2,"np":3,"it":[{"ty":"sh","bm":0,"hd":false,"mn":"ADBE Vector Shape - Group","nm":"Trazado 1","ix":1,"d":1,"ks":{"a":0,"k":{"c":true,"i":[[0.771,0],[0,0],[0,0.771],[0,0],[-0.771,0],[0,0],[0,-0.771],[0,0]],"o":[[0,0],[-0.771,0],[0,0],[0,-0.771],[0,0],[0.771,0],[0,0],[0,0.771]],"v":[[5.134,3.251],[-5.134,3.251],[-6.53,1.855],[-6.53,-1.855],[-5.134,-3.251],[5.134,-3.251],[6.53,-1.855],[6.53,1.855]]},"ix":2}},{"ty":"st","bm":0,"hd":false,"mn":"ADBE Vector Graphic - Stroke","nm":"Trazo 1","lc":1,"lj":1,"ml":10,"o":{"a":0,"k":100,"ix":4},"w":{"a":0,"k":1,"ix":5},"c":{"a":0,"k":[0,0,0],"ix":3}},{"ty":"fl","bm":0,"hd":false,"mn":"ADBE Vector Graphic - Fill","nm":"Relleno 1","c":{"a":0,"k":[0.1294,0.4863,0.1137],"ix":4},"r":1,"o":{"a":0,"k":100,"ix":5}},{"ty":"tr","a":{"a":0,"k":[0,0],"ix":1},"s":{"a":0,"k":[100,100],"ix":3},"sk":{"a":0,"k":0,"ix":4},"p":{"a":0,"k":[9.03,5.751],"ix":2},"r":{"a":0,"k":0,"ix":6},"sa":{"a":0,"k":0,"ix":5},"o":{"a":0,"k":100,"ix":7}}]}],"ind":5},{"ty":4,"nm":"gasolina contornos 2","sr":1,"st":11,"op":90,"ip":32,"hd":false,"ddd":0,"bm":0,"hasMask":false,"ao":0,"ks":{"a":{"a":0,"k":[9.03,5.751,0],"ix":1},"s":{"a":0,"k":[100,100,100],"ix":6},"sk":{"a":0,"k":0},"p":{"a":1,"k":[{"o":{"x":0.167,"y":0.167},"i":{"x":0.833,"y":0.833},"s":[144.764,81.562,0],"t":33,"ti":[0,0,0],"to":[0,0,0]},{"o":{"x":0.167,"y":0.167},"i":{"x":0.833,"y":0.833},"s":[136.764,81.562,0],"t":36,"ti":[0,0,0],"to":[0,0,0]},{"o":{"x":0.167,"y":0.167},"i":{"x":0.833,"y":0.833},"s":[130.319,81.562,0],"t":39.149,"ti":[0,-3.049,0],"to":[-3.049,0,0]},{"o":{"x":0.167,"y":0.167},"i":{"x":0.833,"y":0.833},"s":[124.798,87.084,0],"t":43.388,"ti":[0,0,0],"to":[0,0,0]},{"o":{"x":0.167,"y":0.167},"i":{"x":0.833,"y":0.833},"s":[124.798,122.837,0],"t":60.86,"ti":[3.049,0,0],"to":[0,3.049,0]},{"o":{"x":0.167,"y":0.167},"i":{"x":0.833,"y":0.833},"s":[119.278,128.357,0],"t":65.099,"ti":[0,0,0],"to":[0,0,0]},{"o":{"x":0.167,"y":0.167},"i":{"x":0.833,"y":0.833},"s":[111.092,128.357,0],"t":69.1,"ti":[0,3.049,0],"to":[-3.049,0,0]},{"o":{"x":0.167,"y":0.167},"i":{"x":0.833,"y":0.833},"s":[105.572,122.837,0],"t":73.338,"ti":[0,0,0],"to":[0,0,0]},{"o":{"x":0.167,"y":0.167},"i":{"x":0.833,"y":0.833},"s":[105.572,107.775,0],"t":80.698,"ti":[3.049,0,0],"to":[0,-3.048,0]},{"o":{"x":0.167,"y":0.167},"i":{"x":0.833,"y":0.833},"s":[100.051,102.256,0],"t":84.937,"ti":[0,0,0],"to":[0,0,0]},{"o":{"x":0.167,"y":0.167},"i":{"x":0.833,"y":0.833},"s":[97.875,102.256,0],"t":86,"ti":[0,0,0],"to":[0,0,0]},{"s":[91.875,102.256,0],"t":89}],"ix":2},"r":{"a":1,"k":[{"o":{"x":0.167,"y":0.167},"i":{"x":0.833,"y":0.833},"s":[0],"t":36},{"o":{"x":0.167,"y":0.167},"i":{"x":0.833,"y":0.833},"s":[0],"t":38},{"o":{"x":0.167,"y":0.167},"i":{"x":0.833,"y":0.833},"s":[-15],"t":39},{"o":{"x":0.167,"y":0.167},"i":{"x":0.833,"y":0.833},"s":[-22],"t":40},{"o":{"x":0.167,"y":0.167},"i":{"x":0.833,"y":0.833},"s":[-40],"t":41},{"o":{"x":0.167,"y":0.167},"i":{"x":0.833,"y":0.833},"s":[-58],"t":42},{"o":{"x":0.167,"y":0.167},"i":{"x":0.833,"y":0.833},"s":[-73],"t":43},{"o":{"x":0.167,"y":0.167},"i":{"x":0.833,"y":0.833},"s":[-90],"t":44},{"o":{"x":0.167,"y":0.167},"i":{"x":0.833,"y":0.833},"s":[-90],"t":61},{"o":{"x":0.167,"y":0.167},"i":{"x":0.833,"y":0.833},"s":[-73],"t":62},{"o":{"x":0.167,"y":0.167},"i":{"x":0.833,"y":0.833},"s":[-49],"t":63},{"o":{"x":0.167,"y":0.167},"i":{"x":0.833,"y":0.833},"s":[-28],"t":64},{"o":{"x":0.167,"y":0.167},"i":{"x":0.833,"y":0.833},"s":[-14],"t":65},{"o":{"x":0.167,"y":0.167},"i":{"x":0.833,"y":0.833},"s":[-8],"t":66},{"o":{"x":0.167,"y":0.167},"i":{"x":0.833,"y":0.833},"s":[0],"t":67},{"o":{"x":0.167,"y":0.167},"i":{"x":0.833,"y":0.833},"s":[0],"t":69},{"o":{"x":0.167,"y":0.167},"i":{"x":0.833,"y":0.833},"s":[8],"t":70},{"o":{"x":0.167,"y":0.167},"i":{"x":0.833,"y":0.833},"s":[25],"t":71},{"o":{"x":0.167,"y":0.167},"i":{"x":0.833,"y":0.833},"s":[41],"t":72},{"o":{"x":0.167,"y":0.167},"i":{"x":0.833,"y":0.833},"s":[66],"t":73},{"o":{"x":0.167,"y":0.167},"i":{"x":0.833,"y":0.833},"s":[82],"t":74},{"o":{"x":0.167,"y":0.167},"i":{"x":0.833,"y":0.833},"s":[90],"t":75},{"o":{"x":0.167,"y":0.167},"i":{"x":0.833,"y":0.833},"s":[76],"t":81},{"o":{"x":0.167,"y":0.167},"i":{"x":0.833,"y":0.833},"s":[68],"t":82},{"o":{"x":0.167,"y":0.167},"i":{"x":0.833,"y":0.833},"s":[53],"t":83},{"o":{"x":0.167,"y":0.167},"i":{"x":0.833,"y":0.833},"s":[32],"t":84},{"o":{"x":0.167,"y":0.167},"i":{"x":0.833,"y":0.833},"s":[19],"t":85},{"s":[0],"t":86}],"ix":10},"sa":{"a":0,"k":0},"o":{"a":0,"k":100,"ix":11}},"ef":[],"shapes":[{"ty":"gr","bm":0,"hd":false,"mn":"ADBE Vector Group","nm":"Grupo 1","ix":1,"cix":2,"np":3,"it":[{"ty":"sh","bm":0,"hd":false,"mn":"ADBE Vector Shape - Group","nm":"Trazado 1","ix":1,"d":1,"ks":{"a":0,"k":{"c":true,"i":[[0.771,0],[0,0],[0,0.771],[0,0],[-0.771,0],[0,0],[0,-0.771],[0,0]],"o":[[0,0],[-0.771,0],[0,0],[0,-0.771],[0,0],[0.771,0],[0,0],[0,0.771]],"v":[[5.134,3.251],[-5.134,3.251],[-6.53,1.855],[-6.53,-1.855],[-5.134,-3.251],[5.134,-3.251],[6.53,-1.855],[6.53,1.855]]},"ix":2}},{"ty":"st","bm":0,"hd":false,"mn":"ADBE Vector Graphic - Stroke","nm":"Trazo 1","lc":1,"lj":1,"ml":10,"o":{"a":0,"k":100,"ix":4},"w":{"a":0,"k":1,"ix":5},"c":{"a":0,"k":[0,0,0],"ix":3}},{"ty":"fl","bm":0,"hd":false,"mn":"ADBE Vector Graphic - Fill","nm":"Relleno 1","c":{"a":0,"k":[0.1294,0.4863,0.1137],"ix":4},"r":1,"o":{"a":0,"k":100,"ix":5}},{"ty":"tr","a":{"a":0,"k":[0,0],"ix":1},"s":{"a":0,"k":[100,100],"ix":3},"sk":{"a":0,"k":0,"ix":4},"p":{"a":0,"k":[9.03,5.751],"ix":2},"r":{"a":0,"k":0,"ix":6},"sa":{"a":0,"k":0,"ix":5},"o":{"a":0,"k":100,"ix":7}}]}],"ind":6},{"ty":4,"nm":"gasolina contornos","sr":1,"st":-16,"op":63,"ip":5,"hd":false,"ddd":0,"bm":0,"hasMask":false,"ao":0,"ks":{"a":{"a":0,"k":[9.03,5.751,0],"ix":1},"s":{"a":0,"k":[100,100,100],"ix":6},"sk":{"a":0,"k":0},"p":{"a":1,"k":[{"o":{"x":0.167,"y":0.167},"i":{"x":0.833,"y":0.833},"s":[144.764,81.562,0],"t":6,"ti":[0,0,0],"to":[0,0,0]},{"o":{"x":0.167,"y":0.167},"i":{"x":0.833,"y":0.833},"s":[136.764,81.562,0],"t":9,"ti":[0,0,0],"to":[0,0,0]},{"o":{"x":0.167,"y":0.167},"i":{"x":0.833,"y":0.833},"s":[130.319,81.562,0],"t":12.149,"ti":[0,-3.049,0],"to":[-3.049,0,0]},{"o":{"x":0.167,"y":0.167},"i":{"x":0.833,"y":0.833},"s":[124.798,87.084,0],"t":16.388,"ti":[0,0,0],"to":[0,0,0]},{"o":{"x":0.167,"y":0.167},"i":{"x":0.833,"y":0.833},"s":[124.798,122.837,0],"t":33.86,"ti":[3.049,0,0],"to":[0,3.049,0]},{"o":{"x":0.167,"y":0.167},"i":{"x":0.833,"y":0.833},"s":[119.278,128.357,0],"t":38.099,"ti":[0,0,0],"to":[0,0,0]},{"o":{"x":0.167,"y":0.167},"i":{"x":0.833,"y":0.833},"s":[111.092,128.357,0],"t":42.1,"ti":[0,3.049,0],"to":[-3.049,0,0]},{"o":{"x":0.167,"y":0.167},"i":{"x":0.833,"y":0.833},"s":[105.572,122.837,0],"t":46.338,"ti":[0,0,0],"to":[0,0,0]},{"o":{"x":0.167,"y":0.167},"i":{"x":0.833,"y":0.833},"s":[105.572,107.775,0],"t":53.698,"ti":[3.049,0,0],"to":[0,-3.048,0]},{"o":{"x":0.167,"y":0.167},"i":{"x":0.833,"y":0.833},"s":[100.051,102.256,0],"t":57.937,"ti":[0,0,0],"to":[0,0,0]},{"o":{"x":0.167,"y":0.167},"i":{"x":0.833,"y":0.833},"s":[97.875,102.256,0],"t":59,"ti":[0,0,0],"to":[0,0,0]},{"s":[91.875,102.256,0],"t":62}],"ix":2},"r":{"a":1,"k":[{"o":{"x":0.167,"y":0.167},"i":{"x":0.833,"y":0.833},"s":[0],"t":9},{"o":{"x":0.167,"y":0.167},"i":{"x":0.833,"y":0.833},"s":[0],"t":11},{"o":{"x":0.167,"y":0.167},"i":{"x":0.833,"y":0.833},"s":[-15],"t":12},{"o":{"x":0.167,"y":0.167},"i":{"x":0.833,"y":0.833},"s":[-22],"t":13},{"o":{"x":0.167,"y":0.167},"i":{"x":0.833,"y":0.833},"s":[-40],"t":14},{"o":{"x":0.167,"y":0.167},"i":{"x":0.833,"y":0.833},"s":[-58],"t":15},{"o":{"x":0.167,"y":0.167},"i":{"x":0.833,"y":0.833},"s":[-73],"t":16},{"o":{"x":0.167,"y":0.167},"i":{"x":0.833,"y":0.833},"s":[-90],"t":17},{"o":{"x":0.167,"y":0.167},"i":{"x":0.833,"y":0.833},"s":[-90],"t":34},{"o":{"x":0.167,"y":0.167},"i":{"x":0.833,"y":0.833},"s":[-73],"t":35},{"o":{"x":0.167,"y":0.167},"i":{"x":0.833,"y":0.833},"s":[-49],"t":36},{"o":{"x":0.167,"y":0.167},"i":{"x":0.833,"y":0.833},"s":[-28],"t":37},{"o":{"x":0.167,"y":0.167},"i":{"x":0.833,"y":0.833},"s":[-14],"t":38},{"o":{"x":0.167,"y":0.167},"i":{"x":0.833,"y":0.833},"s":[-8],"t":39},{"o":{"x":0.167,"y":0.167},"i":{"x":0.833,"y":0.833},"s":[0],"t":40},{"o":{"x":0.167,"y":0.167},"i":{"x":0.833,"y":0.833},"s":[0],"t":42},{"o":{"x":0.167,"y":0.167},"i":{"x":0.833,"y":0.833},"s":[8],"t":43},{"o":{"x":0.167,"y":0.167},"i":{"x":0.833,"y":0.833},"s":[25],"t":44},{"o":{"x":0.167,"y":0.167},"i":{"x":0.833,"y":0.833},"s":[41],"t":45},{"o":{"x":0.167,"y":0.167},"i":{"x":0.833,"y":0.833},"s":[66],"t":46},{"o":{"x":0.167,"y":0.167},"i":{"x":0.833,"y":0.833},"s":[82],"t":47},{"o":{"x":0.167,"y":0.167},"i":{"x":0.833,"y":0.833},"s":[90],"t":48},{"o":{"x":0.167,"y":0.167},"i":{"x":0.833,"y":0.833},"s":[76],"t":54},{"o":{"x":0.167,"y":0.167},"i":{"x":0.833,"y":0.833},"s":[68],"t":55},{"o":{"x":0.167,"y":0.167},"i":{"x":0.833,"y":0.833},"s":[53],"t":56},{"o":{"x":0.167,"y":0.167},"i":{"x":0.833,"y":0.833},"s":[32],"t":57},{"o":{"x":0.167,"y":0.167},"i":{"x":0.833,"y":0.833},"s":[19],"t":58},{"s":[0],"t":59}],"ix":10},"sa":{"a":0,"k":0},"o":{"a":0,"k":100,"ix":11}},"ef":[],"shapes":[{"ty":"gr","bm":0,"hd":false,"mn":"ADBE Vector Group","nm":"Grupo 1","ix":1,"cix":2,"np":3,"it":[{"ty":"sh","bm":0,"hd":false,"mn":"ADBE Vector Shape - Group","nm":"Trazado 1","ix":1,"d":1,"ks":{"a":0,"k":{"c":true,"i":[[0.771,0],[0,0],[0,0.771],[0,0],[-0.771,0],[0,0],[0,-0.771],[0,0]],"o":[[0,0],[-0.771,0],[0,0],[0,-0.771],[0,0],[0.771,0],[0,0],[0,0.771]],"v":[[5.134,3.251],[-5.134,3.251],[-6.53,1.855],[-6.53,-1.855],[-5.134,-3.251],[5.134,-3.251],[6.53,-1.855],[6.53,1.855]]},"ix":2}},{"ty":"st","bm":0,"hd":false,"mn":"ADBE Vector Graphic - Stroke","nm":"Trazo 1","lc":1,"lj":1,"ml":10,"o":{"a":0,"k":100,"ix":4},"w":{"a":0,"k":1,"ix":5},"c":{"a":0,"k":[0,0,0],"ix":3}},{"ty":"fl","bm":0,"hd":false,"mn":"ADBE Vector Graphic - Fill","nm":"Relleno 1","c":{"a":0,"k":[0.1294,0.4863,0.1137],"ix":4},"r":1,"o":{"a":0,"k":100,"ix":5}},{"ty":"tr","a":{"a":0,"k":[0,0],"ix":1},"s":{"a":0,"k":[100,100],"ix":3},"sk":{"a":0,"k":0,"ix":4},"p":{"a":0,"k":[9.03,5.751],"ix":2},"r":{"a":0,"k":0,"ix":6},"sa":{"a":0,"k":0,"ix":5},"o":{"a":0,"k":100,"ix":7}}]}],"ind":7},{"ty":4,"nm":"cable contornos","sr":1,"st":0,"op":151,"ip":0,"hd":false,"ddd":0,"bm":0,"hasMask":false,"ao":0,"ks":{"a":{"a":0,"k":[21.944,25.897,0],"ix":1},"s":{"a":0,"k":[100,100,100],"ix":6},"sk":{"a":0,"k":0},"p":{"a":0,"k":[117.349,105.055,0],"ix":2},"r":{"a":0,"k":0,"ix":10},"sa":{"a":0,"k":0},"o":{"a":0,"k":100,"ix":11}},"ef":[],"shapes":[{"ty":"gr","bm":0,"hd":false,"mn":"ADBE Vector Group","nm":"Grupo 1","ix":1,"cix":2,"np":2,"it":[{"ty":"sh","bm":0,"hd":false,"mn":"ADBE Vector Shape - Group","nm":"Trazado 1","ix":1,"d":1,"ks":{"a":0,"k":{"c":false,"i":[[0,0],[0,0],[0,-3.049],[0,0],[3.049,0],[0,0],[0,3.049],[0,0],[3.049,0],[0,0]],"o":[[0,0],[-3.049,0],[0,0],[0,3.049],[0,0],[-3.049,0],[0,0],[0,-3.048],[0,0],[0,0]],"v":[[19.445,-23.398],[12.999,-23.398],[7.479,-17.876],[7.479,17.878],[1.958,23.398],[-6.228,23.398],[-11.747,17.878],[-11.747,2.816],[-17.269,-2.704],[-19.445,-2.704]]},"ix":2}},{"ty":"st","bm":0,"hd":false,"mn":"ADBE Vector Graphic - Stroke","nm":"Trazo 1","lc":1,"lj":1,"ml":10,"o":{"a":0,"k":100,"ix":4},"w":{"a":0,"k":1,"ix":5},"c":{"a":0,"k":[0,0,0],"ix":3}},{"ty":"tr","a":{"a":0,"k":[0,0],"ix":1},"s":{"a":0,"k":[100,100],"ix":3},"sk":{"a":0,"k":0,"ix":4},"p":{"a":0,"k":[21.944,25.897],"ix":2},"r":{"a":0,"k":0,"ix":6},"sa":{"a":0,"k":0,"ix":5},"o":{"a":0,"k":100,"ix":7}}]}],"ind":8}],"v":"5.7.1","fr":25,"op":151,"ip":0,"assets":[]}