{"assets/images/2wheeler.png":["assets/images/2wheeler.png"],"assets/images/3wheeler.png":["assets/images/3wheeler.png"],"assets/images/4wheeler.png":["assets/images/4wheeler.png"],"assets/images/AddVehicle.json":["assets/images/AddVehicle.json"],"assets/images/AdditionalDetails.json":["assets/images/AdditionalDetails.json"],"assets/images/CHAdeMO.png":["assets/images/CHAdeMO.png"],"assets/images/CSSCombo.png":["assets/images/CSSCombo.png"],"assets/images/ChangePassword.json":["assets/images/ChangePassword.json"],"assets/images/ChargingLoading.json":["assets/images/ChargingLoading.json"],"assets/images/Coming Soon.svg":["assets/images/Coming Soon.svg"],"assets/images/ComingSoon.json":["assets/images/ComingSoon.json"],"assets/images/EmailPassword.json":["assets/images/EmailPassword.json"],"assets/images/ForgotPassword.json":["assets/images/ForgotPassword.json"],"assets/images/HelpAndSupport.json":["assets/images/HelpAndSupport.json"],"assets/images/Login.json":["assets/images/Login.json"],"assets/images/NoData.json":["assets/images/NoData.json"],"assets/images/NoData.svg":["assets/images/NoData.svg"],"assets/images/NoInternet.json":["assets/images/NoInternet.json"],"assets/images/Ratings.json":["assets/images/Ratings.json"],"assets/images/Registration.json":["assets/images/Registration.json"],"assets/images/Share.json":["assets/images/Share.json"],"assets/images/StopCharging.json":["assets/images/StopCharging.json"],"assets/images/TwoWheeler.svg":["assets/images/TwoWheeler.svg"],"assets/images/Type1.png":["assets/images/Type1.png"],"assets/images/Type2.png":["assets/images/Type2.png"],"assets/images/UnderMaintenance.png":["assets/images/UnderMaintenance.png"],"assets/images/Undermaintenances.png":["assets/images/Undermaintenances.png"],"assets/images/addMoney.svg":["assets/images/addMoney.svg"],"assets/images/apple.png":["assets/images/apple.png"],"assets/images/background.jpg":["assets/images/background.jpg"],"assets/images/chrome.png":["assets/images/chrome.png"],"assets/images/comingsoon.png":["assets/images/comingsoon.png"],"assets/images/creditmoney.png":["assets/images/creditmoney.png"],"assets/images/debitmoney.png":["assets/images/debitmoney.png"],"assets/images/demoCar.png":["assets/images/demoCar.png"],"assets/images/facebook.png":["assets/images/facebook.png"],"assets/images/feedback.svg":["assets/images/feedback.svg"],"assets/images/google.png":["assets/images/google.png"],"assets/images/helpSupport.svg":["assets/images/helpSupport.svg"],"assets/images/icon.png":["assets/images/icon.png"],"assets/images/india_map_placeholder.jpg":["assets/images/india_map_placeholder.jpg"],"assets/images/instagram.png":["assets/images/instagram.png"],"assets/images/linkedin.png":["assets/images/linkedin.png"],"assets/images/logo.png":["assets/images/logo.png"],"assets/images/logoIcon.png":["assets/images/logoIcon.png"],"assets/images/profile.png":["assets/images/profile.png"],"assets/images/referFriend.svg":["assets/images/referFriend.svg"],"assets/images/referral.png":["assets/images/referral.png"],"assets/images/twitter.png":["assets/images/twitter.png"],"assets/images/verifyOTP.json":["assets/images/verifyOTP.json"],"assets/images/whatsapp.png":["assets/images/whatsapp.png"],"packages/cupertino_icons/assets/CupertinoIcons.ttf":["packages/cupertino_icons/assets/CupertinoIcons.ttf"],"packages/flutter_inappwebview/assets/t_rex_runner/t-rex.css":["packages/flutter_inappwebview/assets/t_rex_runner/t-rex.css"],"packages/flutter_inappwebview/assets/t_rex_runner/t-rex.html":["packages/flutter_inappwebview/assets/t_rex_runner/t-rex.html"],"packages/flutter_inappwebview_web/assets/web/web_support.js":["packages/flutter_inappwebview_web/assets/web/web_support.js"],"packages/flutter_map/lib/assets/flutter_map_logo.png":["packages/flutter_map/lib/assets/flutter_map_logo.png"],"packages/fluttertoast/assets/toastify.css":["packages/fluttertoast/assets/toastify.css"],"packages/fluttertoast/assets/toastify.js":["packages/fluttertoast/assets/toastify.js"],"packages/font_awesome_flutter/lib/fonts/fa-brands-400.ttf":["packages/font_awesome_flutter/lib/fonts/fa-brands-400.ttf"],"packages/font_awesome_flutter/lib/fonts/fa-regular-400.ttf":["packages/font_awesome_flutter/lib/fonts/fa-regular-400.ttf"],"packages/font_awesome_flutter/lib/fonts/fa-solid-900.ttf":["packages/font_awesome_flutter/lib/fonts/fa-solid-900.ttf"]}