{"nm":"free 04","ddd":0,"h":300,"w":300,"meta":{"g":"@lottiefiles/toolkit-js 0.33.2"},"layers":[{"ty":3,"nm":"Null 9","sr":1,"st":0,"op":301,"ip":0,"hd":false,"ddd":0,"bm":0,"hasMask":false,"ao":0,"ks":{"a":{"a":0,"k":[0,0,0],"ix":1},"s":{"a":0,"k":[191,191,100],"ix":6},"sk":{"a":0,"k":0},"p":{"a":0,"k":[150,170,0],"ix":2},"r":{"a":0,"k":0,"ix":10},"sa":{"a":0,"k":0},"o":{"a":0,"k":0,"ix":11}},"ef":[],"ind":1},{"ty":4,"nm":"Shapes on screen 2","sr":1,"st":0,"op":301,"ip":0,"hd":false,"ddd":0,"bm":0,"hasMask":false,"ao":0,"ks":{"a":{"a":0,"k":[0,0,0],"ix":1},"s":{"a":0,"k":[100,100,100],"ix":6},"sk":{"a":0,"k":0},"p":{"a":0,"k":[-26,94.218,0],"ix":2},"r":{"a":0,"k":0,"ix":10},"sa":{"a":0,"k":0},"o":{"a":0,"k":100,"ix":11}},"ef":[],"shapes":[{"ty":"gr","bm":0,"hd":false,"mn":"ADBE Vector Group","nm":"Group 7","ix":1,"cix":2,"np":3,"it":[{"ty":"gr","bm":0,"hd":false,"mn":"ADBE Vector Group","nm":"Group 4","ix":1,"cix":2,"np":3,"it":[{"ty":"sh","bm":0,"hd":false,"mn":"ADBE Vector Shape - Group","nm":"Path 2","ix":1,"d":1,"ks":{"a":0,"k":{"c":true,"i":[[0,0.762],[0.762,0],[0,-0.762],[-0.762,0]],"o":[[0,-0.762],[-0.762,0],[0,0.762],[0.762,0]],"v":[[40.188,-146.941],[38.809,-148.32],[37.429,-146.941],[38.809,-145.561]]},"ix":2}},{"ty":"sh","bm":0,"hd":false,"mn":"ADBE Vector Shape - Group","nm":"Path 1","ix":2,"d":1,"ks":{"a":0,"k":{"c":true,"i":[[0,0.762],[-0.762,0],[0,-0.762],[0.762,0]],"o":[[0,-0.762],[0.762,0],[0,0.762],[-0.762,0]],"v":[[15.077,-146.941],[16.457,-148.32],[17.836,-146.941],[16.457,-145.561]]},"ix":2}},{"ty":"fl","bm":0,"hd":false,"mn":"ADBE Vector Graphic - Fill","nm":"Fill 1","c":{"a":0,"k":[0.0941,0.3529,0.0863],"ix":4},"r":1,"o":{"a":0,"k":100,"ix":5}},{"ty":"tr","a":{"a":0,"k":[0,0],"ix":1},"s":{"a":0,"k":[100,100],"ix":3},"sk":{"a":0,"k":0,"ix":4},"p":{"a":0,"k":[0,0],"ix":2},"r":{"a":0,"k":0,"ix":6},"sa":{"a":0,"k":0,"ix":5},"o":{"a":0,"k":100,"ix":7}}]},{"ty":"gr","bm":0,"hd":false,"mn":"ADBE Vector Group","nm":"Group 5","ix":2,"cix":2,"np":1,"it":[{"ty":"gr","bm":0,"hd":false,"mn":"ADBE Vector Group","nm":"Group 1","ix":1,"cix":2,"np":4,"it":[{"ty":"sh","bm":0,"hd":false,"mn":"ADBE Vector Shape - Group","nm":"Path 1","ix":1,"d":1,"ks":{"a":0,"k":{"c":false,"i":[[0,0],[0,0]],"o":[[0,0],[0,0]],"v":[[11.008,-159.04],[6.02,-164.027]]},"ix":2}},{"ty":"sh","bm":0,"hd":false,"mn":"ADBE Vector Shape - Group","nm":"Path 2","ix":2,"d":1,"ks":{"a":0,"k":{"c":false,"i":[[0,0],[0,0]],"o":[[0,0],[0,0]],"v":[[9.345,-152.39],[2.695,-152.39]]},"ix":2}},{"ty":"tm","bm":0,"hd":false,"mn":"ADBE Vector Filter - Trim","nm":"Trim Paths 1","ix":3,"e":{"a":1,"k":[{"o":{"x":0.167,"y":0.167},"i":{"x":0.833,"y":0.833},"s":[0],"t":103},{"o":{"x":0.167,"y":0.167},"i":{"x":0.833,"y":0.833},"s":[100],"t":107},{"h":1,"o":{"x":0.167,"y":0.167},"i":{"x":0.833,"y":0.833},"s":[100],"t":113},{"h":1,"o":{"x":0.167,"y":0.167},"i":{"x":0.833,"y":0.833},"s":[0],"t":130},{"o":{"x":0.167,"y":0.167},"i":{"x":0.833,"y":0.833},"s":[0],"t":250},{"o":{"x":0.167,"y":0.167},"i":{"x":0.833,"y":0.833},"s":[100],"t":254},{"s":[100],"t":260}],"ix":2},"o":{"a":0,"k":0,"ix":3},"s":{"a":1,"k":[{"o":{"x":0.167,"y":0.167},"i":{"x":0.833,"y":0.833},"s":[0],"t":103},{"o":{"x":0.167,"y":0.167},"i":{"x":0.833,"y":0.833},"s":[0],"t":107},{"h":1,"o":{"x":0.167,"y":0.167},"i":{"x":0.833,"y":0.833},"s":[100],"t":113},{"h":1,"o":{"x":0.167,"y":0.167},"i":{"x":0.833,"y":0.833},"s":[0],"t":130},{"o":{"x":0.167,"y":0.167},"i":{"x":0.833,"y":0.833},"s":[0],"t":250},{"o":{"x":0.167,"y":0.167},"i":{"x":0.833,"y":0.833},"s":[0],"t":254},{"s":[100],"t":260}],"ix":1},"m":1},{"ty":"st","bm":0,"hd":false,"mn":"ADBE Vector Graphic - Stroke","nm":"Stroke 1","lc":2,"lj":2,"ml":1,"o":{"a":0,"k":100,"ix":4},"w":{"a":0,"k":2,"ix":5},"c":{"a":0,"k":[0.0784,0.4471,0.0824],"ix":3}},{"ty":"tr","a":{"a":0,"k":[0,0],"ix":1},"s":{"a":0,"k":[100,100],"ix":3},"sk":{"a":0,"k":0,"ix":4},"p":{"a":0,"k":[0,0],"ix":2},"r":{"a":0,"k":0,"ix":6},"sa":{"a":0,"k":0,"ix":5},"o":{"a":0,"k":100,"ix":7}}]},{"ty":"tr","a":{"a":0,"k":[0,0],"ix":1},"s":{"a":0,"k":[100,100],"ix":3},"sk":{"a":0,"k":0,"ix":4},"p":{"a":0,"k":[0,0],"ix":2},"r":{"a":0,"k":0,"ix":6},"sa":{"a":0,"k":0,"ix":5},"o":{"a":0,"k":100,"ix":7}}]},{"ty":"gr","bm":0,"hd":false,"mn":"ADBE Vector Group","nm":"Group 6","ix":3,"cix":2,"np":4,"it":[{"ty":"gr","bm":0,"hd":false,"mn":"ADBE Vector Group","nm":"Group 1","ix":1,"cix":2,"np":2,"it":[{"ty":"sh","bm":0,"hd":false,"mn":"ADBE Vector Shape - Group","nm":"Path 1","ix":1,"d":1,"ks":{"a":0,"k":{"c":false,"i":[[0,0],[0,0]],"o":[[0,0],[0,0]],"v":[[27.633,-136.939],[27.633,-133.004]]},"ix":2}},{"ty":"st","bm":0,"hd":false,"mn":"ADBE Vector Graphic - Stroke","nm":"Stroke 1","lc":2,"lj":2,"ml":1,"o":{"a":0,"k":100,"ix":4},"w":{"a":0,"k":2,"ix":5},"c":{"a":0,"k":[0.0667,0.3608,0.0863],"ix":3}},{"ty":"tr","a":{"a":0,"k":[0,0],"ix":1},"s":{"a":0,"k":[100,100],"ix":3},"sk":{"a":0,"k":0,"ix":4},"p":{"a":0,"k":[0,0],"ix":2},"r":{"a":0,"k":0,"ix":6},"sa":{"a":0,"k":0,"ix":5},"o":{"a":0,"k":100,"ix":7}}]},{"ty":"gr","bm":0,"hd":false,"mn":"ADBE Vector Group","nm":"Group 2","ix":2,"cix":2,"np":2,"it":[{"ty":"sh","bm":0,"hd":false,"mn":"ADBE Vector Shape - Group","nm":"Path 1","ix":1,"d":1,"ks":{"a":0,"k":{"c":true,"i":[[0,-1.894],[1.894,0],[0,1.894],[-1.894,0]],"o":[[0,1.894],[-1.894,0],[0,-1.894],[1.894,0]],"v":[[31.062,-139.433],[27.633,-136.003],[24.203,-139.433],[27.633,-142.862]]},"ix":2}},{"ty":"fl","bm":0,"hd":false,"mn":"ADBE Vector Graphic - Fill","nm":"Fill 1","c":{"a":0,"k":[0.0667,0.3608,0.0863],"ix":4},"r":1,"o":{"a":0,"k":100,"ix":5}},{"ty":"tr","a":{"a":0,"k":[0,0],"ix":1},"s":{"a":0,"k":[100,100],"ix":3},"sk":{"a":0,"k":0,"ix":4},"p":{"a":0,"k":[0,0],"ix":2},"r":{"a":0,"k":0,"ix":6},"sa":{"a":0,"k":0,"ix":5},"o":{"a":0,"k":100,"ix":7}}]},{"ty":"gr","bm":0,"hd":false,"mn":"ADBE Vector Group","nm":"Group 3","ix":3,"cix":2,"np":2,"it":[{"ty":"sh","bm":0,"hd":false,"mn":"ADBE Vector Shape - Group","nm":"Path 1","ix":1,"d":1,"ks":{"a":1,"k":[{"o":{"x":1,"y":0},"i":{"x":0,"y":1},"s":[{"c":false,"i":[[0,0],[0,4.507],[-4.507,0],[0,-4.507],[0,0]],"o":[[0,0],[0,-4.507],[4.507,0],[0,0],[0,0]],"v":[[19.482,-150.336],[19.453,-155.153],[27.614,-163.315],[35.776,-155.153],[35.776,-150.501]]}],"t":94},{"o":{"x":0.167,"y":0},"i":{"x":0.833,"y":1},"s":[{"c":false,"i":[[0,0],[0,0.341],[-4.507,0],[0,-4.507],[0,0]],"o":[[0,0],[0,-4.507],[4.507,0],[0,0],[0,0]],"v":[[19.5,-155.992],[19.471,-159.403],[27.633,-167.565],[35.794,-159.403],[35.794,-150.727]]}],"t":113},{"o":{"x":0.167,"y":0},"i":{"x":0.833,"y":1},"s":[{"c":false,"i":[[0,0],[0,0.341],[-4.507,0],[0,-4.507],[0,0]],"o":[[0,0],[0,-4.507],[4.507,0],[0,0],[0,0]],"v":[[19.5,-155.992],[19.471,-159.403],[27.633,-167.565],[35.794,-159.403],[35.794,-150.727]]}],"t":147},{"o":{"x":0.167,"y":0},"i":{"x":0.833,"y":1},"s":[{"c":false,"i":[[0,0],[0,4.507],[-4.507,0],[0,-4.507],[0,0]],"o":[[0,0],[0,-4.507],[4.507,0],[0,0],[0,0]],"v":[[19.482,-150.336],[19.453,-155.153],[27.614,-163.315],[35.776,-155.153],[35.776,-150.501]]}],"t":151},{"o":{"x":1,"y":0},"i":{"x":0,"y":1},"s":[{"c":false,"i":[[0,0],[0,4.507],[-4.507,0],[0,-4.507],[0,0]],"o":[[0,0],[0,-4.507],[4.507,0],[0,0],[0,0]],"v":[[19.482,-150.336],[19.453,-155.153],[27.614,-163.315],[35.776,-155.153],[35.776,-150.501]]}],"t":241},{"o":{"x":0.167,"y":0},"i":{"x":0.833,"y":1},"s":[{"c":false,"i":[[0,0],[0,0.341],[-4.507,0],[0,-4.507],[0,0]],"o":[[0,0],[0,-4.507],[4.507,0],[0,0],[0,0]],"v":[[19.5,-155.992],[19.471,-159.403],[27.633,-167.565],[35.794,-159.403],[35.794,-150.727]]}],"t":260},{"o":{"x":0.167,"y":0},"i":{"x":0.833,"y":1},"s":[{"c":false,"i":[[0,0],[0,0.341],[-4.507,0],[0,-4.507],[0,0]],"o":[[0,0],[0,-4.507],[4.507,0],[0,0],[0,0]],"v":[[19.5,-155.992],[19.471,-159.403],[27.633,-167.565],[35.794,-159.403],[35.794,-150.727]]}],"t":296},{"s":[{"c":false,"i":[[0,0],[0,4.507],[-4.507,0],[0,-4.507],[0,0]],"o":[[0,0],[0,-4.507],[4.507,0],[0,0],[0,0]],"v":[[19.482,-150.336],[19.453,-155.153],[27.614,-163.315],[35.776,-155.153],[35.776,-150.501]]}],"t":300}],"ix":2}},{"ty":"st","bm":0,"hd":false,"mn":"ADBE Vector Graphic - Stroke","nm":"Stroke 1","lc":1,"lj":2,"ml":1,"o":{"a":0,"k":100,"ix":4},"w":{"a":0,"k":3,"ix":5},"c":{"a":0,"k":[0.0667,0.3608,0.0863],"ix":3}},{"ty":"tr","a":{"a":0,"k":[0,0],"ix":1},"s":{"a":0,"k":[100,100],"ix":3},"sk":{"a":0,"k":0,"ix":4},"p":{"a":0,"k":[0,0],"ix":2},"r":{"a":0,"k":0,"ix":6},"sa":{"a":0,"k":0,"ix":5},"o":{"a":0,"k":100,"ix":7}}]},{"ty":"gr","bm":0,"hd":false,"mn":"ADBE Vector Group","nm":"Group 4","ix":4,"cix":2,"np":2,"it":[{"ty":"sh","bm":0,"hd":false,"mn":"ADBE Vector Shape - Group","nm":"Path 1","ix":1,"d":1,"ks":{"a":0,"k":{"c":true,"i":[[0,0],[8.264,0],[0,8.264],[0,0],[0,0]],"o":[[0,8.264],[-8.264,0],[0,0],[0,0],[0,0]],"v":[[42.595,-136.003],[27.633,-121.041],[12.67,-136.003],[12.67,-150.727],[42.595,-150.727]]},"ix":2}},{"ty":"fl","bm":0,"hd":false,"mn":"ADBE Vector Graphic - Fill","nm":"Fill 1","c":{"a":0,"k":[0.0902,0.5569,0.1843],"ix":4},"r":1,"o":{"a":0,"k":100,"ix":5}},{"ty":"tr","a":{"a":0,"k":[0,0],"ix":1},"s":{"a":0,"k":[100,100],"ix":3},"sk":{"a":0,"k":0,"ix":4},"p":{"a":0,"k":[0,0],"ix":2},"r":{"a":0,"k":0,"ix":6},"sa":{"a":0,"k":0,"ix":5},"o":{"a":0,"k":100,"ix":7}}]},{"ty":"tr","a":{"a":0,"k":[0,0],"ix":1},"s":{"a":0,"k":[100,100],"ix":3},"sk":{"a":0,"k":0,"ix":4},"p":{"a":0,"k":[0,0],"ix":2},"r":{"a":0,"k":0,"ix":6},"sa":{"a":0,"k":0,"ix":5},"o":{"a":0,"k":100,"ix":7}}]},{"ty":"tr","a":{"a":0,"k":[0,0],"ix":1},"s":{"a":0,"k":[100,100],"ix":3},"sk":{"a":0,"k":0,"ix":4},"p":{"a":0,"k":[0,0],"ix":2},"r":{"a":0,"k":0,"ix":6},"sa":{"a":0,"k":0,"ix":5},"o":{"a":0,"k":100,"ix":7}}]}],"ind":2,"parent":1},{"ty":4,"nm":"Shapes on screen","sr":1,"st":0,"op":301,"ip":0,"hd":false,"ddd":0,"bm":0,"hasMask":false,"ao":0,"ks":{"a":{"a":0,"k":[0,0,0],"ix":1},"s":{"a":0,"k":[100,100,100],"ix":6},"sk":{"a":0,"k":0},"p":{"a":0,"k":[-26,-105.782,0],"ix":2},"r":{"a":0,"k":0,"ix":10},"sa":{"a":0,"k":0},"o":{"a":0,"k":100,"ix":11}},"ef":[],"shapes":[{"ty":"gr","bm":0,"hd":false,"mn":"ADBE Vector Group","nm":"Group 1","ix":1,"cix":2,"np":5,"it":[{"ty":"gr","bm":0,"hd":false,"mn":"ADBE Vector Group","nm":"Group 6","ix":1,"cix":2,"np":4,"it":[{"ty":"sh","bm":0,"hd":false,"mn":"ADBE Vector Shape - Group","nm":"Path 1","ix":1,"d":1,"ks":{"a":0,"k":{"c":false,"i":[[0,0],[0,0]],"o":[[0,0],[0,0]],"v":[[-2.521,99.321],[6.883,104.75]]},"ix":2}},{"ty":"sh","bm":0,"hd":false,"mn":"ADBE Vector Shape - Group","nm":"Path 2","ix":2,"d":1,"ks":{"a":0,"k":{"c":false,"i":[[0,0],[0,0]],"o":[[0,0],[0,0]],"v":[[6.883,99.321],[-2.521,104.75]]},"ix":2}},{"ty":"sh","bm":0,"hd":false,"mn":"ADBE Vector Shape - Group","nm":"Path 3","ix":3,"d":1,"ks":{"a":0,"k":{"c":false,"i":[[0,0],[0,0]],"o":[[0,0],[0,0]],"v":[[2.181,107.465],[2.181,96.606]]},"ix":2}},{"ty":"st","bm":0,"hd":false,"mn":"ADBE Vector Graphic - Stroke","nm":"Stroke 1","lc":2,"lj":2,"ml":1,"o":{"a":0,"k":100,"ix":4},"w":{"a":0,"k":2,"ix":5},"c":{"a":0,"k":[0.0784,0.4471,0.0824],"ix":3}},{"ty":"tr","a":{"a":0,"k":[0,0],"ix":1},"s":{"a":0,"k":[100,100],"ix":3},"sk":{"a":0,"k":0,"ix":4},"p":{"a":0,"k":[0,0],"ix":2},"r":{"a":0,"k":0,"ix":6},"sa":{"a":0,"k":0,"ix":5},"o":{"a":1,"k":[{"o":{"x":0.333,"y":0},"i":{"x":0.667,"y":1},"s":[0],"t":4},{"o":{"x":0.167,"y":0},"i":{"x":0.833,"y":1},"s":[100],"t":9},{"o":{"x":0.333,"y":0},"i":{"x":0.833,"y":1},"s":[0],"t":18},{"o":{"x":0.333,"y":0},"i":{"x":0.667,"y":1},"s":[0],"t":50},{"o":{"x":0.167,"y":0},"i":{"x":0.833,"y":1},"s":[100],"t":55},{"o":{"x":0.333,"y":0},"i":{"x":0.833,"y":1},"s":[0],"t":64},{"o":{"x":0.333,"y":0},"i":{"x":0.667,"y":1},"s":[0],"t":104},{"o":{"x":0.167,"y":0},"i":{"x":0.833,"y":1},"s":[100],"t":109},{"o":{"x":0.167,"y":0},"i":{"x":0.833,"y":1},"s":[100],"t":143},{"o":{"x":0.167,"y":0},"i":{"x":0.833,"y":1},"s":[0],"t":145},{"o":{"x":0.333,"y":0},"i":{"x":0.667,"y":1},"s":[0],"t":154},{"o":{"x":0.167,"y":0},"i":{"x":0.833,"y":1},"s":[100],"t":159},{"o":{"x":0.333,"y":0},"i":{"x":0.833,"y":1},"s":[0],"t":168},{"o":{"x":0.333,"y":0},"i":{"x":0.667,"y":1},"s":[0],"t":200},{"o":{"x":0.167,"y":0},"i":{"x":0.833,"y":1},"s":[100],"t":205},{"o":{"x":0.333,"y":0},"i":{"x":0.833,"y":1},"s":[0],"t":214},{"o":{"x":0.333,"y":0},"i":{"x":0.667,"y":1},"s":[0],"t":254},{"o":{"x":0.167,"y":0},"i":{"x":0.833,"y":1},"s":[100],"t":259},{"o":{"x":0.167,"y":0},"i":{"x":0.833,"y":1},"s":[100],"t":293},{"s":[0],"t":295}],"ix":7}}]},{"ty":"gr","bm":0,"hd":false,"mn":"ADBE Vector Group","nm":"Group 7","ix":2,"cix":2,"np":4,"it":[{"ty":"sh","bm":0,"hd":false,"mn":"ADBE Vector Shape - Group","nm":"Path 1","ix":1,"d":1,"ks":{"a":0,"k":{"c":false,"i":[[0,0],[0,0]],"o":[[0,0],[0,0]],"v":[[-2.521,99.321],[6.883,104.75]]},"ix":2}},{"ty":"sh","bm":0,"hd":false,"mn":"ADBE Vector Shape - Group","nm":"Path 2","ix":2,"d":1,"ks":{"a":0,"k":{"c":false,"i":[[0,0],[0,0]],"o":[[0,0],[0,0]],"v":[[6.883,99.321],[-2.521,104.75]]},"ix":2}},{"ty":"sh","bm":0,"hd":false,"mn":"ADBE Vector Shape - Group","nm":"Path 3","ix":3,"d":1,"ks":{"a":0,"k":{"c":false,"i":[[0,0],[0,0]],"o":[[0,0],[0,0]],"v":[[2.181,107.465],[2.181,96.606]]},"ix":2}},{"ty":"st","bm":0,"hd":false,"mn":"ADBE Vector Graphic - Stroke","nm":"Stroke 1","lc":2,"lj":2,"ml":1,"o":{"a":0,"k":100,"ix":4},"w":{"a":0,"k":2,"ix":5},"c":{"a":0,"k":[0.0784,0.4471,0.0824],"ix":3}},{"ty":"tr","a":{"a":0,"k":[0,0],"ix":1},"s":{"a":0,"k":[100,100],"ix":3},"sk":{"a":0,"k":0,"ix":4},"p":{"a":0,"k":[17,0],"ix":2},"r":{"a":0,"k":0,"ix":6},"sa":{"a":0,"k":0,"ix":5},"o":{"a":1,"k":[{"o":{"x":0.333,"y":0},"i":{"x":0.667,"y":1},"s":[0],"t":14},{"o":{"x":0.167,"y":0},"i":{"x":0.833,"y":1},"s":[100],"t":19},{"o":{"x":0.333,"y":0},"i":{"x":0.833,"y":1},"s":[0],"t":28},{"o":{"x":0.333,"y":0},"i":{"x":0.667,"y":1},"s":[0],"t":60},{"o":{"x":0.167,"y":0},"i":{"x":0.833,"y":1},"s":[100],"t":65},{"o":{"x":0.333,"y":0},"i":{"x":0.833,"y":1},"s":[0],"t":74},{"o":{"x":0.333,"y":0},"i":{"x":0.667,"y":1},"s":[0],"t":106},{"o":{"x":0.167,"y":0},"i":{"x":0.833,"y":1},"s":[100],"t":111},{"o":{"x":0.167,"y":0},"i":{"x":0.833,"y":1},"s":[100],"t":143},{"o":{"x":0.167,"y":0},"i":{"x":0.833,"y":1},"s":[0],"t":145},{"o":{"x":0.333,"y":0},"i":{"x":0.667,"y":1},"s":[0],"t":164},{"o":{"x":0.167,"y":0},"i":{"x":0.833,"y":1},"s":[100],"t":169},{"o":{"x":0.333,"y":0},"i":{"x":0.833,"y":1},"s":[0],"t":178},{"o":{"x":0.333,"y":0},"i":{"x":0.667,"y":1},"s":[0],"t":210},{"o":{"x":0.167,"y":0},"i":{"x":0.833,"y":1},"s":[100],"t":215},{"o":{"x":0.333,"y":0},"i":{"x":0.833,"y":1},"s":[0],"t":224},{"o":{"x":0.333,"y":0},"i":{"x":0.667,"y":1},"s":[0],"t":256},{"o":{"x":0.167,"y":0},"i":{"x":0.833,"y":1},"s":[100],"t":261},{"o":{"x":0.167,"y":0},"i":{"x":0.833,"y":1},"s":[100],"t":293},{"s":[0],"t":295}],"ix":7}}]},{"ty":"gr","bm":0,"hd":false,"mn":"ADBE Vector Group","nm":"Group 8","ix":3,"cix":2,"np":4,"it":[{"ty":"sh","bm":0,"hd":false,"mn":"ADBE Vector Shape - Group","nm":"Path 1","ix":1,"d":1,"ks":{"a":0,"k":{"c":false,"i":[[0,0],[0,0]],"o":[[0,0],[0,0]],"v":[[-2.521,99.321],[6.883,104.75]]},"ix":2}},{"ty":"sh","bm":0,"hd":false,"mn":"ADBE Vector Shape - Group","nm":"Path 2","ix":2,"d":1,"ks":{"a":0,"k":{"c":false,"i":[[0,0],[0,0]],"o":[[0,0],[0,0]],"v":[[6.883,99.321],[-2.521,104.75]]},"ix":2}},{"ty":"sh","bm":0,"hd":false,"mn":"ADBE Vector Shape - Group","nm":"Path 3","ix":3,"d":1,"ks":{"a":0,"k":{"c":false,"i":[[0,0],[0,0]],"o":[[0,0],[0,0]],"v":[[2.181,107.465],[2.181,96.606]]},"ix":2}},{"ty":"st","bm":0,"hd":false,"mn":"ADBE Vector Graphic - Stroke","nm":"Stroke 1","lc":2,"lj":2,"ml":1,"o":{"a":0,"k":100,"ix":4},"w":{"a":0,"k":2,"ix":5},"c":{"a":0,"k":[0.0784,0.4471,0.0824],"ix":3}},{"ty":"tr","a":{"a":0,"k":[0,0],"ix":1},"s":{"a":0,"k":[100,100],"ix":3},"sk":{"a":0,"k":0,"ix":4},"p":{"a":0,"k":[33.5,0],"ix":2},"r":{"a":0,"k":0,"ix":6},"sa":{"a":0,"k":0,"ix":5},"o":{"a":1,"k":[{"o":{"x":0.333,"y":0},"i":{"x":0.667,"y":1},"s":[0],"t":24},{"o":{"x":0.167,"y":0},"i":{"x":0.833,"y":1},"s":[100],"t":29},{"o":{"x":0.333,"y":0},"i":{"x":0.833,"y":1},"s":[0],"t":38},{"o":{"x":0.333,"y":0},"i":{"x":0.667,"y":1},"s":[0],"t":70},{"o":{"x":0.167,"y":0},"i":{"x":0.833,"y":1},"s":[100],"t":75},{"o":{"x":0.333,"y":0},"i":{"x":0.833,"y":1},"s":[0],"t":84},{"o":{"x":0.333,"y":0},"i":{"x":0.667,"y":1},"s":[0],"t":109},{"o":{"x":0.167,"y":0},"i":{"x":0.833,"y":1},"s":[100],"t":114},{"o":{"x":0.167,"y":0},"i":{"x":0.833,"y":1},"s":[100],"t":143},{"o":{"x":0.167,"y":0},"i":{"x":0.833,"y":1},"s":[0],"t":145},{"o":{"x":0.333,"y":0},"i":{"x":0.667,"y":1},"s":[0],"t":174},{"o":{"x":0.167,"y":0},"i":{"x":0.833,"y":1},"s":[100],"t":179},{"o":{"x":0.333,"y":0},"i":{"x":0.833,"y":1},"s":[0],"t":188},{"o":{"x":0.333,"y":0},"i":{"x":0.667,"y":1},"s":[0],"t":220},{"o":{"x":0.167,"y":0},"i":{"x":0.833,"y":1},"s":[100],"t":225},{"o":{"x":0.333,"y":0},"i":{"x":0.833,"y":1},"s":[0],"t":234},{"o":{"x":0.333,"y":0},"i":{"x":0.667,"y":1},"s":[0],"t":259},{"o":{"x":0.167,"y":0},"i":{"x":0.833,"y":1},"s":[100],"t":264},{"o":{"x":0.167,"y":0},"i":{"x":0.833,"y":1},"s":[100],"t":293},{"s":[0],"t":295}],"ix":7}}]},{"ty":"gr","bm":0,"hd":false,"mn":"ADBE Vector Group","nm":"Group 5","ix":4,"cix":2,"np":4,"it":[{"ty":"sh","bm":0,"hd":false,"mn":"ADBE Vector Shape - Group","nm":"Path 1","ix":1,"d":1,"ks":{"a":0,"k":{"c":false,"i":[[0,0],[0,0]],"o":[[0,0],[0,0]],"v":[[-2.521,99.321],[6.883,104.75]]},"ix":2}},{"ty":"sh","bm":0,"hd":false,"mn":"ADBE Vector Shape - Group","nm":"Path 2","ix":2,"d":1,"ks":{"a":0,"k":{"c":false,"i":[[0,0],[0,0]],"o":[[0,0],[0,0]],"v":[[6.883,99.321],[-2.521,104.75]]},"ix":2}},{"ty":"sh","bm":0,"hd":false,"mn":"ADBE Vector Shape - Group","nm":"Path 3","ix":3,"d":1,"ks":{"a":0,"k":{"c":false,"i":[[0,0],[0,0]],"o":[[0,0],[0,0]],"v":[[2.181,107.465],[2.181,96.606]]},"ix":2}},{"ty":"st","bm":0,"hd":false,"mn":"ADBE Vector Graphic - Stroke","nm":"Stroke 1","lc":2,"lj":2,"ml":1,"o":{"a":0,"k":100,"ix":4},"w":{"a":0,"k":2,"ix":5},"c":{"a":0,"k":[0.0784,0.4471,0.0824],"ix":3}},{"ty":"tr","a":{"a":0,"k":[0,0],"ix":1},"s":{"a":0,"k":[100,100],"ix":3},"sk":{"a":0,"k":0,"ix":4},"p":{"a":0,"k":[50.5,0],"ix":2},"r":{"a":0,"k":0,"ix":6},"sa":{"a":0,"k":0,"ix":5},"o":{"a":1,"k":[{"o":{"x":0.333,"y":0},"i":{"x":0.667,"y":1},"s":[0],"t":36},{"o":{"x":0.167,"y":0},"i":{"x":0.833,"y":1},"s":[100],"t":41},{"o":{"x":0.333,"y":0},"i":{"x":0.833,"y":1},"s":[0],"t":50},{"o":{"x":0.333,"y":0},"i":{"x":0.667,"y":1},"s":[0],"t":82},{"o":{"x":0.167,"y":0},"i":{"x":0.833,"y":1},"s":[100],"t":87},{"o":{"x":0.333,"y":0},"i":{"x":0.833,"y":1},"s":[0],"t":96},{"o":{"x":0.333,"y":0},"i":{"x":0.667,"y":1},"s":[0],"t":112},{"o":{"x":0.167,"y":0},"i":{"x":0.833,"y":1},"s":[100],"t":117},{"o":{"x":0.167,"y":0},"i":{"x":0.833,"y":1},"s":[100],"t":143},{"o":{"x":0.167,"y":0},"i":{"x":0.833,"y":1},"s":[0],"t":145},{"o":{"x":0.333,"y":0},"i":{"x":0.667,"y":1},"s":[0],"t":186},{"o":{"x":0.167,"y":0},"i":{"x":0.833,"y":1},"s":[100],"t":191},{"o":{"x":0.333,"y":0},"i":{"x":0.833,"y":1},"s":[0],"t":200},{"o":{"x":0.333,"y":0},"i":{"x":0.667,"y":1},"s":[0],"t":232},{"o":{"x":0.167,"y":0},"i":{"x":0.833,"y":1},"s":[100],"t":237},{"o":{"x":0.333,"y":0},"i":{"x":0.833,"y":1},"s":[0],"t":246},{"o":{"x":0.333,"y":0},"i":{"x":0.667,"y":1},"s":[0],"t":262},{"o":{"x":0.167,"y":0},"i":{"x":0.833,"y":1},"s":[100],"t":267},{"o":{"x":0.167,"y":0},"i":{"x":0.833,"y":1},"s":[100],"t":293},{"s":[0],"t":295}],"ix":7}}]},{"ty":"gr","bm":0,"hd":false,"mn":"ADBE Vector Group","nm":"Group 12","ix":5,"cix":2,"np":13,"it":[{"ty":"sh","bm":0,"hd":false,"mn":"ADBE Vector Shape - Group","nm":"Path 1","ix":1,"d":1,"ks":{"a":0,"k":{"c":false,"i":[[0,0],[0,0]],"o":[[0,0],[0,0]],"v":[[-2.521,99.321],[6.883,104.75]]},"ix":2}},{"ty":"sh","bm":0,"hd":false,"mn":"ADBE Vector Shape - Group","nm":"Path 2","ix":2,"d":1,"ks":{"a":0,"k":{"c":false,"i":[[0,0],[0,0]],"o":[[0,0],[0,0]],"v":[[6.883,99.321],[-2.521,104.75]]},"ix":2}},{"ty":"sh","bm":0,"hd":false,"mn":"ADBE Vector Shape - Group","nm":"Path 3","ix":3,"d":1,"ks":{"a":0,"k":{"c":false,"i":[[0,0],[0,0]],"o":[[0,0],[0,0]],"v":[[2.181,107.465],[2.181,96.606]]},"ix":2}},{"ty":"sh","bm":0,"hd":false,"mn":"ADBE Vector Shape - Group","nm":"Path 4","ix":4,"d":1,"ks":{"a":0,"k":{"c":false,"i":[[0,0],[0,0]],"o":[[0,0],[0,0]],"v":[[14.479,99.321],[23.883,104.75]]},"ix":2}},{"ty":"sh","bm":0,"hd":false,"mn":"ADBE Vector Shape - Group","nm":"Path 5","ix":5,"d":1,"ks":{"a":0,"k":{"c":false,"i":[[0,0],[0,0]],"o":[[0,0],[0,0]],"v":[[23.883,99.321],[14.479,104.75]]},"ix":2}},{"ty":"sh","bm":0,"hd":false,"mn":"ADBE Vector Shape - Group","nm":"Path 6","ix":6,"d":1,"ks":{"a":0,"k":{"c":false,"i":[[0,0],[0,0]],"o":[[0,0],[0,0]],"v":[[19.181,107.465],[19.181,96.606]]},"ix":2}},{"ty":"sh","bm":0,"hd":false,"mn":"ADBE Vector Shape - Group","nm":"Path 7","ix":7,"d":1,"ks":{"a":0,"k":{"c":false,"i":[[0,0],[0,0]],"o":[[0,0],[0,0]],"v":[[30.979,99.321],[40.383,104.75]]},"ix":2}},{"ty":"sh","bm":0,"hd":false,"mn":"ADBE Vector Shape - Group","nm":"Path 8","ix":8,"d":1,"ks":{"a":0,"k":{"c":false,"i":[[0,0],[0,0]],"o":[[0,0],[0,0]],"v":[[40.383,99.321],[30.979,104.75]]},"ix":2}},{"ty":"sh","bm":0,"hd":false,"mn":"ADBE Vector Shape - Group","nm":"Path 9","ix":9,"d":1,"ks":{"a":0,"k":{"c":false,"i":[[0,0],[0,0]],"o":[[0,0],[0,0]],"v":[[35.681,107.465],[35.681,96.606]]},"ix":2}},{"ty":"sh","bm":0,"hd":false,"mn":"ADBE Vector Shape - Group","nm":"Path 10","ix":10,"d":1,"ks":{"a":0,"k":{"c":false,"i":[[0,0],[0,0]],"o":[[0,0],[0,0]],"v":[[47.979,99.321],[57.383,104.75]]},"ix":2}},{"ty":"sh","bm":0,"hd":false,"mn":"ADBE Vector Shape - Group","nm":"Path 11","ix":11,"d":1,"ks":{"a":0,"k":{"c":false,"i":[[0,0],[0,0]],"o":[[0,0],[0,0]],"v":[[57.383,99.321],[47.979,104.75]]},"ix":2}},{"ty":"sh","bm":0,"hd":false,"mn":"ADBE Vector Shape - Group","nm":"Path 12","ix":12,"d":1,"ks":{"a":0,"k":{"c":false,"i":[[0,0],[0,0]],"o":[[0,0],[0,0]],"v":[[52.681,107.465],[52.681,96.606]]},"ix":2}},{"ty":"st","bm":0,"hd":false,"mn":"ADBE Vector Graphic - Stroke","nm":"Stroke 1","lc":2,"lj":2,"ml":1,"o":{"a":0,"k":100,"ix":4},"w":{"a":0,"k":2,"ix":5},"c":{"a":0,"k":[0.7608,0.702,0.9216],"ix":3}},{"ty":"tr","a":{"a":0,"k":[0,0],"ix":1},"s":{"a":0,"k":[100,100],"ix":3},"sk":{"a":0,"k":0,"ix":4},"p":{"a":0,"k":[0,0],"ix":2},"r":{"a":0,"k":0,"ix":6},"sa":{"a":0,"k":0,"ix":5},"o":{"a":0,"k":100,"ix":7}}]},{"ty":"tr","a":{"a":0,"k":[0,0],"ix":1},"s":{"a":0,"k":[100,100],"ix":3},"sk":{"a":0,"k":0,"ix":4},"p":{"a":0,"k":[0,0],"ix":2},"r":{"a":0,"k":0,"ix":6},"sa":{"a":0,"k":0,"ix":5},"o":{"a":0,"k":100,"ix":7}}]},{"ty":"gr","bm":0,"hd":false,"mn":"ADBE Vector Group","nm":"Group 2","ix":2,"cix":2,"np":2,"it":[{"ty":"gr","bm":0,"hd":false,"mn":"ADBE Vector Group","nm":"Group 6","ix":1,"cix":2,"np":6,"it":[{"ty":"sh","bm":0,"hd":false,"mn":"ADBE Vector Shape - Group","nm":"Path 3","ix":1,"d":1,"ks":{"a":0,"k":{"c":false,"i":[[-1.587,0],[0,0]],"o":[[0,0],[1.587,0]],"v":[[-19.753,127.51],[74.55,127.51]]},"ix":2}},{"ty":"sh","bm":0,"hd":false,"mn":"ADBE Vector Shape - Group","nm":"Path 2","ix":2,"d":1,"ks":{"a":0,"k":{"c":false,"i":[[-1.587,0],[0,0]],"o":[[0,0],[0.412,0.115]],"v":[[-19.716,141.635],[27.75,141.519]]},"ix":2}},{"ty":"sh","bm":0,"hd":false,"mn":"ADBE Vector Shape - Group","nm":"Path 4","ix":3,"d":1,"ks":{"a":0,"k":{"c":false,"i":[[-1.587,0],[0,0]],"o":[[0,0],[1.587,0]],"v":[[46.534,141.519],[74.588,141.635]]},"ix":2}},{"ty":"sh","bm":0,"hd":false,"mn":"ADBE Vector Shape - Group","nm":"Path 1","ix":4,"d":1,"ks":{"a":0,"k":{"c":false,"i":[[-1.587,0],[0,0]],"o":[[0,0],[1.587,0]],"v":[[-19.716,155.635],[74.588,155.635]]},"ix":2}},{"ty":"tm","bm":0,"hd":false,"mn":"ADBE Vector Filter - Trim","nm":"Trim Paths 1","ix":5,"e":{"a":1,"k":[{"o":{"x":0.167,"y":0.167},"i":{"x":0.833,"y":0.833},"s":[0],"t":0},{"o":{"x":0.167,"y":0},"i":{"x":0,"y":1},"s":[100],"t":86},{"o":{"x":0.167,"y":0.167},"i":{"x":0.833,"y":0.833},"s":[100],"t":148},{"o":{"x":0.167,"y":0.167},"i":{"x":0.833,"y":0.833},"s":[0],"t":149},{"o":{"x":0.167,"y":0},"i":{"x":0,"y":1},"s":[100],"t":235},{"s":[100],"t":297}],"ix":2},"o":{"a":0,"k":0,"ix":3},"s":{"a":1,"k":[{"o":{"x":0.167,"y":0.167},"i":{"x":0.833,"y":0.833},"s":[0],"t":0},{"o":{"x":0.167,"y":0.167},"i":{"x":0,"y":1},"s":[0],"t":86},{"o":{"x":0.167,"y":0.167},"i":{"x":0.833,"y":0.833},"s":[100],"t":148},{"o":{"x":0.167,"y":0.167},"i":{"x":0.833,"y":0.833},"s":[0],"t":149},{"o":{"x":0.167,"y":0.167},"i":{"x":0,"y":1},"s":[0],"t":235},{"s":[100],"t":297}],"ix":1},"m":2},{"ty":"st","bm":0,"hd":false,"mn":"ADBE Vector Graphic - Stroke","nm":"Stroke 1","lc":2,"lj":2,"ml":1,"o":{"a":0,"k":100,"ix":4},"w":{"a":0,"k":6.5,"ix":5},"c":{"a":0,"k":[0.0627,0.4627,0.098],"ix":3}},{"ty":"tr","a":{"a":0,"k":[0,0],"ix":1},"s":{"a":0,"k":[100,100],"ix":3},"sk":{"a":0,"k":0,"ix":4},"p":{"a":0,"k":[0,0],"ix":2},"r":{"a":0,"k":0,"ix":6},"sa":{"a":0,"k":0,"ix":5},"o":{"a":0,"k":100,"ix":7}}]},{"ty":"gr","bm":0,"hd":false,"mn":"ADBE Vector Group","nm":"Group 5","ix":2,"cix":2,"np":5,"it":[{"ty":"sh","bm":0,"hd":false,"mn":"ADBE Vector Shape - Group","nm":"Path 3","ix":1,"d":1,"ks":{"a":0,"k":{"c":false,"i":[[-1.587,0],[0,0]],"o":[[0,0],[1.587,0]],"v":[[-19.753,127.51],[74.55,127.51]]},"ix":2}},{"ty":"sh","bm":0,"hd":false,"mn":"ADBE Vector Shape - Group","nm":"Path 2","ix":2,"d":1,"ks":{"a":0,"k":{"c":false,"i":[[-1.587,0],[0,0]],"o":[[0,0],[0.412,0.115]],"v":[[-19.716,141.635],[27.75,141.519]]},"ix":2}},{"ty":"sh","bm":0,"hd":false,"mn":"ADBE Vector Shape - Group","nm":"Path 4","ix":3,"d":1,"ks":{"a":0,"k":{"c":false,"i":[[-1.587,0],[0,0]],"o":[[0,0],[1.587,0]],"v":[[46.534,141.519],[74.588,141.635]]},"ix":2}},{"ty":"sh","bm":0,"hd":false,"mn":"ADBE Vector Shape - Group","nm":"Path 1","ix":4,"d":1,"ks":{"a":0,"k":{"c":false,"i":[[-1.587,0],[0,0]],"o":[[0,0],[1.587,0]],"v":[[-19.716,155.635],[74.588,155.635]]},"ix":2}},{"ty":"st","bm":0,"hd":false,"mn":"ADBE Vector Graphic - Stroke","nm":"Stroke 1","lc":2,"lj":2,"ml":1,"o":{"a":0,"k":100,"ix":4},"w":{"a":0,"k":6.5,"ix":5},"c":{"a":0,"k":[0.8078,0.7804,0.8863],"ix":3}},{"ty":"tr","a":{"a":0,"k":[0,0],"ix":1},"s":{"a":0,"k":[100,100],"ix":3},"sk":{"a":0,"k":0,"ix":4},"p":{"a":0,"k":[0,0],"ix":2},"r":{"a":0,"k":0,"ix":6},"sa":{"a":0,"k":0,"ix":5},"o":{"a":0,"k":100,"ix":7}}]},{"ty":"tr","a":{"a":0,"k":[0,0],"ix":1},"s":{"a":0,"k":[100,100],"ix":3},"sk":{"a":0,"k":0,"ix":4},"p":{"a":0,"k":[0,0],"ix":2},"r":{"a":0,"k":0,"ix":6},"sa":{"a":0,"k":0,"ix":5},"o":{"a":0,"k":100,"ix":7}}]}],"ind":3,"parent":1}],"v":"5.7.8","fr":30,"op":301,"ip":0,"assets":[]}