{"nm":"zap","ddd":0,"h":792,"w":612,"meta":{"g":"@lottiefiles/toolkit-js 0.33.2"},"layers":[{"ty":4,"nm":"zap Outlines 2","sr":1,"st":0,"op":182,"ip":0,"hd":false,"ddd":0,"bm":0,"hasMask":false,"ao":0,"ks":{"a":{"a":0,"k":[306,396,0],"ix":1},"s":{"a":1,"k":[{"o":{"x":0.333,"y":0},"i":{"x":0.667,"y":1},"s":[0,0,100],"t":45},{"s":[100,100,100],"t":70}],"ix":6},"sk":{"a":0,"k":0},"p":{"a":0,"k":[306,396,0],"ix":2},"r":{"a":0,"k":0,"ix":10},"sa":{"a":0,"k":0},"o":{"a":1,"k":[{"o":{"x":0.333,"y":0},"i":{"x":0.667,"y":1},"s":[0],"t":45},{"s":[100],"t":70}],"ix":11}},"ef":[],"shapes":[{"ty":"gr","bm":0,"hd":false,"mn":"ADBE Vector Group","nm":"Group 1","ix":1,"cix":2,"np":1,"it":[{"ty":"sh","bm":0,"hd":false,"mn":"ADBE Vector Shape - Group","nm":"Path 1","ix":1,"d":1,"ks":{"a":0,"k":{"c":true,"i":[[1.894,3.342],[3.842,0],[0,0],[0,0],[5.893,0.618],[2.197,-3.378],[0,0],[-5.019,-3.086],[-1.972,0],[0,0],[0,0],[-5.909,-0.453],[-2.124,3.352],[0,0]],"o":[[-1.895,-3.342],[0,0],[0,0],[0.618,-5.893],[-4.008,-0.421],[0,0],[-3.086,5.019],[1.68,1.033],[0,0],[0,0],[-0.451,5.909],[3.956,0.301],[0,0],[1.973,-3.296]],"v":[[158.186,-58.532],[148.905,-63.94],[9.171,-63.94],[32.599,-242.933],[23.049,-254.722],[12.938,-249.904],[-156.993,47.806],[-153.493,62.48],[-147.908,64.06],[-10.262,64.06],[-28.828,243.324],[-18.947,254.842],[-9.065,249.886],[158.057,-47.793]]},"ix":2}},{"ty":"tr","a":{"a":0,"k":[0,0],"ix":1},"s":{"a":0,"k":[100,100],"ix":3},"sk":{"a":0,"k":0,"ix":4},"p":{"a":0,"k":[306,396.5],"ix":2},"r":{"a":0,"k":0,"ix":6},"sa":{"a":0,"k":0,"ix":5},"o":{"a":0,"k":100,"ix":7}}]},{"ty":"tm","bm":0,"hd":false,"mn":"ADBE Vector Filter - Trim","nm":"Trim Paths 1","ix":2,"e":{"a":0,"k":100,"ix":2},"o":{"a":0,"k":0,"ix":3},"s":{"a":0,"k":0,"ix":1},"m":1},{"ty":"fl","bm":0,"hd":false,"mn":"ADBE Vector Graphic - Fill","nm":"Fill 1","c":{"a":0,"k":[0.0784,0.4353,0.0667],"ix":4},"r":1,"o":{"a":0,"k":100,"ix":5}}],"ind":1},{"ty":4,"nm":"zap Outlines","sr":1,"st":0,"op":182,"ip":0,"hd":false,"ddd":0,"bm":0,"hasMask":false,"ao":0,"ks":{"a":{"a":0,"k":[306,396,0],"ix":1},"s":{"a":0,"k":[100,100,100],"ix":6},"sk":{"a":0,"k":0},"p":{"a":0,"k":[306,396,0],"ix":2},"r":{"a":0,"k":0,"ix":10},"sa":{"a":0,"k":0},"o":{"a":0,"k":100,"ix":11}},"ef":[{"ty":5,"mn":"ADBE Emboss","nm":"Emboss","ix":1,"en":1,"ef":[{"ty":0,"mn":"ADBE Emboss-0001","nm":"Direction","ix":1,"v":{"a":0,"k":45,"ix":1}},{"ty":0,"mn":"ADBE Emboss-0002","nm":"Relief","ix":2,"v":{"a":0,"k":1,"ix":2}},{"ty":0,"mn":"ADBE Emboss-0003","nm":"Contrast","ix":3,"v":{"a":0,"k":0,"ix":3}},{"ty":0,"mn":"ADBE Emboss-0004","nm":"Blend With Original","ix":4,"v":{"a":0,"k":2,"ix":4}}]}],"shapes":[{"ty":"gr","bm":0,"hd":false,"mn":"ADBE Vector Group","nm":"Group 1","ix":1,"cix":2,"np":2,"it":[{"ty":"sh","bm":0,"hd":false,"mn":"ADBE Vector Shape - Group","nm":"Path 1","ix":1,"d":1,"ks":{"a":0,"k":{"c":true,"i":[[1.894,3.342],[3.842,0],[0,0],[0,0],[5.893,0.618],[2.197,-3.378],[0,0],[-5.019,-3.086],[-1.972,0],[0,0],[0,0],[-5.909,-0.453],[-2.124,3.352],[0,0]],"o":[[-1.895,-3.342],[0,0],[0,0],[0.618,-5.893],[-4.008,-0.421],[0,0],[-3.086,5.019],[1.68,1.033],[0,0],[0,0],[-0.451,5.909],[3.956,0.301],[0,0],[1.973,-3.296]],"v":[[158.186,-58.532],[148.905,-63.94],[9.171,-63.94],[32.599,-242.933],[23.049,-254.722],[12.938,-249.904],[-156.993,47.806],[-153.493,62.48],[-147.908,64.06],[-10.262,64.06],[-28.828,243.324],[-18.947,254.842],[-9.065,249.886],[158.057,-47.793]]},"ix":2}},{"ty":"st","bm":0,"hd":false,"mn":"ADBE Vector Graphic - Stroke","nm":"Stroke 1","lc":2,"lj":2,"ml":1,"o":{"a":0,"k":100,"ix":4},"w":{"a":0,"k":10,"ix":5},"c":{"a":0,"k":[0.0784,0.4353,0.0667],"ix":3}},{"ty":"tr","a":{"a":0,"k":[0,0],"ix":1},"s":{"a":0,"k":[100,100],"ix":3},"sk":{"a":0,"k":0,"ix":4},"p":{"a":0,"k":[306,396.5],"ix":2},"r":{"a":0,"k":0,"ix":6},"sa":{"a":0,"k":0,"ix":5},"o":{"a":0,"k":100,"ix":7}}]},{"ty":"tm","bm":0,"hd":false,"mn":"ADBE Vector Filter - Trim","nm":"Trim Paths 1","ix":2,"e":{"a":1,"k":[{"o":{"x":0.333,"y":0},"i":{"x":0.667,"y":1},"s":[0],"t":0},{"s":[100],"t":45}],"ix":2},"o":{"a":0,"k":0,"ix":3},"s":{"a":1,"k":[{"o":{"x":0.333,"y":0},"i":{"x":0.667,"y":1},"s":[0],"t":0},{"s":[0],"t":45}],"ix":1},"m":1}],"ind":2}],"v":"5.5.9","fr":60,"op":90,"ip":0,"assets":[]}