{"nm":"Comp 1","ddd":0,"h":768,"w":1024,"meta":{"g":"@lottiefiles/toolkit-js 0.33.2"},"layers":[{"ty":3,"nm":"Null 1","sr":1,"st":0,"op":316.000012870944,"ip":0,"hd":false,"ddd":0,"bm":0,"hasMask":false,"ao":0,"ks":{"a":{"a":0,"k":[0,0,0],"ix":1},"s":{"a":0,"k":[100,100,100],"ix":6},"sk":{"a":0,"k":0},"p":{"a":0,"k":[512,364,0],"ix":2},"r":{"a":0,"k":0,"ix":10},"sa":{"a":0,"k":0},"o":{"a":0,"k":0,"ix":11}},"ef":[],"ind":1},{"ty":4,"nm":"Shape Layer 3","sr":1,"st":0,"op":316.000012870944,"ip":0,"hd":false,"ddd":0,"bm":0,"hasMask":false,"ao":0,"ks":{"a":{"a":0,"k":[0,93,0],"ix":1},"s":{"a":0,"k":[100,100,100],"ix":6},"sk":{"a":0,"k":0},"p":{"a":0,"k":[15.069,93,0],"ix":2},"r":{"a":0,"k":0,"ix":10},"sa":{"a":0,"k":0},"o":{"a":0,"k":100,"ix":11}},"ef":[],"shapes":[{"ty":"gr","bm":0,"hd":false,"mn":"ADBE Vector Group","nm":"Shape 1","ix":1,"cix":2,"np":3,"it":[{"ty":"sh","bm":0,"hd":false,"mn":"ADBE Vector Shape - Group","nm":"Path 1","ix":1,"d":1,"ks":{"a":1,"k":[{"o":{"x":0.167,"y":0.167},"i":{"x":0.833,"y":0.833},"s":[{"c":true,"i":[[0,0],[0,-9.694],[0,0],[12.229,0],[0,0],[0,12.229],[0,0],[-12.229,0],[0,0],[0,4.98],[0,0],[-9.694,0]],"o":[[9.694,0],[0,0],[0,12.229],[0,0],[-12.229,0],[0,0],[0,-12.229],[0,0],[4.98,0],[0,0],[0,-9.694],[0,0]],"v":[[101.919,-93],[119.5,-75.419],[119.5,70.823],[97.323,93],[-97.323,93],[-119.5,70.823],[-119.5,-40.823],[-97.323,-63],[25.468,-63],[34.5,-72.032],[34.5,-75.419],[52.081,-93]]}],"t":30},{"o":{"x":0.167,"y":0.167},"i":{"x":0.833,"y":0.833},"s":[{"c":true,"i":[[0,0],[2.179,-9.391],[0,0],[12.229,0],[0,0],[0,12.229],[0,0],[-12.229,0],[0,0],[0,4.98],[0,0],[-9.694,0]],"o":[[9.694,0],[0,0],[0,12.229],[0,0],[-12.229,0],[0,0],[4.225,-12.72],[0,0],[4.98,0],[0,0],[3.172,-10.897],[0,0]],"v":[[135.824,-47.794],[149.637,-30.213],[119.5,70.823],[97.323,93],[-97.323,93],[-119.5,70.823],[-89.363,4.383],[-65.678,-17.794],[55.605,-17.794],[64.637,-26.826],[66.333,-30.213],[85.985,-47.794]]}],"t":35},{"o":{"x":0.167,"y":0.167},"i":{"x":0.833,"y":0.833},"s":[{"c":true,"i":[[0,0],[1.245,-9.521],[0,0],[12.229,0],[0,0],[0,12.229],[0,0],[-12.229,0],[0,0],[0,4.98],[0,0],[-9.694,0]],"o":[[9.694,0],[0,0],[0,12.229],[0,0],[-12.229,0],[0,0],[2.414,-12.509],[0,0],[4.98,0],[0,0],[1.812,-10.382],[0,0]],"v":[[121.293,-67.168],[136.721,-49.587],[119.5,70.823],[97.323,93],[-97.323,93],[-119.5,70.823],[-102.279,-14.991],[-79.24,-37.168],[42.689,-37.168],[51.721,-46.2],[52.69,-49.587],[71.455,-67.168]]}],"t":40},{"o":{"x":0.167,"y":0.167},"i":{"x":0.833,"y":0.833},"s":[{"c":true,"i":[[0,0],[2.179,-9.391],[0,0],[12.229,0],[0,0],[0,12.229],[0,0],[-12.229,0],[0,0],[0,4.98],[0,0],[-9.694,0]],"o":[[9.694,0],[0,0],[0,12.229],[0,0],[-12.229,0],[0,0],[4.225,-12.72],[0,0],[4.98,0],[0,0],[3.172,-10.897],[0,0]],"v":[[135.824,-47.794],[149.637,-30.213],[119.5,70.823],[97.323,93],[-97.323,93],[-119.5,70.823],[-89.363,4.383],[-65.678,-17.794],[55.605,-17.794],[64.637,-26.826],[66.333,-30.213],[85.985,-47.794]]}],"t":45},{"o":{"x":0.167,"y":0.167},"i":{"x":0.833,"y":0.833},"s":[{"c":true,"i":[[0,0],[2.179,-9.391],[0,0],[12.229,0],[0,0],[0,12.229],[0,0],[-12.229,0],[0,0],[0,4.98],[0,0],[-9.694,0]],"o":[[9.694,0],[0,0],[0,12.229],[0,0],[-12.229,0],[0,0],[4.225,-12.72],[0,0],[4.98,0],[0,0],[3.172,-10.897],[0,0]],"v":[[135.824,-47.794],[149.637,-30.213],[119.5,70.823],[97.323,93],[-97.323,93],[-119.5,70.823],[-89.363,4.383],[-65.678,-17.794],[55.605,-17.794],[64.637,-26.826],[66.333,-30.213],[85.985,-47.794]]}],"t":124},{"s":[{"c":true,"i":[[0,0],[0,-9.694],[0,0],[12.229,0],[0,0],[0,12.229],[0,0],[-12.229,0],[0,0],[0,4.98],[0,0],[-9.694,0]],"o":[[9.694,0],[0,0],[0,12.229],[0,0],[-12.229,0],[0,0],[0,-12.229],[0,0],[4.98,0],[0,0],[0,-9.694],[0,0]],"v":[[101.919,-93],[119.5,-75.419],[119.5,70.823],[97.323,93],[-97.323,93],[-119.5,70.823],[-119.5,-40.823],[-97.323,-63],[25.468,-63],[34.5,-72.032],[34.5,-75.419],[52.081,-93]]}],"t":128.000005213547}],"ix":2}},{"ty":"st","bm":0,"hd":false,"mn":"ADBE Vector Graphic - Stroke","nm":"Stroke 1","lc":1,"lj":1,"ml":4,"o":{"a":0,"k":100,"ix":4},"w":{"a":0,"k":6,"ix":5},"c":{"a":0,"k":[0.1686,0.3647,0.1608],"ix":3}},{"ty":"fl","bm":0,"hd":false,"mn":"ADBE Vector Graphic - Fill","nm":"Fill 1","c":{"a":0,"k":[0.1294,0.4863,0.1137],"ix":4},"r":1,"o":{"a":0,"k":100,"ix":5}},{"ty":"tr","a":{"a":0,"k":[0,0],"ix":1},"s":{"a":0,"k":[100,100],"ix":3},"sk":{"a":0,"k":0,"ix":4},"p":{"a":0,"k":[0,0],"ix":2},"r":{"a":0,"k":0,"ix":6},"sa":{"a":0,"k":0,"ix":5},"o":{"a":0,"k":100,"ix":7}}]}],"ind":2,"parent":4},{"ty":4,"nm":"Shape Layer 4","sr":1,"st":0,"op":316.000012870944,"ip":0,"hd":false,"ddd":0,"bm":0,"hasMask":false,"ao":0,"ks":{"a":{"a":0,"k":[0,0,0],"ix":1},"s":{"a":0,"k":[100,100,100],"ix":6},"sk":{"a":0,"k":0},"p":{"a":0,"k":[0,0,0],"ix":2},"r":{"a":0,"k":0,"ix":10},"sa":{"a":0,"k":0},"o":{"a":0,"k":100,"ix":11}},"ef":[],"shapes":[{"ty":"gr","bm":0,"hd":false,"mn":"ADBE Vector Group","nm":"Shape 5","ix":1,"cix":2,"np":3,"it":[{"ty":"sh","bm":0,"hd":false,"mn":"ADBE Vector Shape - Group","nm":"Path 1","ix":1,"d":1,"ks":{"a":0,"k":{"c":false,"i":[[0,0],[-35.209,-27.596],[13,14],[-4,-9.5]],"o":[[0,0],[18.5,14.5],[-12.519,-13.482],[5.242,12.451]],"v":[[128.5,-143],[195.5,-191],[172,-165],[183.5,-181]]},"ix":2}},{"ty":"gs","bm":0,"hd":false,"mn":"ADBE Vector Graphic - G-Stroke","nm":"Gradient Stroke 1","e":{"a":0,"k":[100,0],"ix":5},"g":{"p":3,"k":{"a":0,"k":[0,0.8156862745098039,0.00784313725490196,0.10588235294117647,0.5,0,0.7137254901960784,0.9137254901960784,1,0.12941176470588237,0.48627450980392156,0.11372549019607843],"ix":8}},"t":1,"a":{"a":0,"k":0},"h":{"a":0,"k":0},"s":{"a":0,"k":[0,0],"ix":4},"lc":2,"lj":1,"ml":4,"o":{"a":0,"k":100,"ix":9},"w":{"a":0,"k":6,"ix":10}},{"ty":"fl","bm":0,"hd":true,"mn":"ADBE Vector Graphic - Fill","nm":"Fill 1","c":{"a":0,"k":[1,0,0],"ix":4},"r":1,"o":{"a":0,"k":100,"ix":5}},{"ty":"tr","a":{"a":0,"k":[0,0],"ix":1},"s":{"a":0,"k":[-67.81,84.615],"ix":3},"sk":{"a":0,"k":0,"ix":4},"p":{"a":0,"k":[10,0],"ix":2},"r":{"a":0,"k":0,"ix":6},"sa":{"a":0,"k":0,"ix":5},"o":{"a":0,"k":100,"ix":7}}]},{"ty":"gr","bm":0,"hd":false,"mn":"ADBE Vector Group","nm":"Shape 4","ix":2,"cix":2,"np":3,"it":[{"ty":"sh","bm":0,"hd":false,"mn":"ADBE Vector Shape - Group","nm":"Path 1","ix":1,"d":1,"ks":{"a":0,"k":{"c":false,"i":[[0,0],[-35.209,-27.596],[13,14],[-4,-9.5]],"o":[[0,0],[18.5,14.5],[-12.519,-13.482],[5.242,12.451]],"v":[[128.5,-143],[195.5,-191],[172,-165],[183.5,-181]]},"ix":2}},{"ty":"fl","bm":0,"hd":true,"mn":"ADBE Vector Graphic - Fill","nm":"Fill 1","c":{"a":0,"k":[1,0,0],"ix":4},"r":1,"o":{"a":0,"k":100,"ix":5}},{"ty":"gs","bm":0,"hd":false,"mn":"ADBE Vector Graphic - G-Stroke","nm":"Gradient Stroke 1","e":{"a":0,"k":[100,0],"ix":5},"g":{"p":3,"k":{"a":0,"k":[0,0.12941176470588237,0.48627450980392156,0.11372549019607843,0.5,0,0.7137254901960784,0.9137254901960784,1,0.12941176470588237,0.48627450980392156,0.11372549019607843],"ix":8}},"t":1,"a":{"a":0,"k":0},"h":{"a":0,"k":0},"s":{"a":0,"k":[0,0],"ix":4},"lc":2,"lj":1,"ml":4,"o":{"a":0,"k":100,"ix":9},"w":{"a":0,"k":6,"ix":10}},{"ty":"tr","a":{"a":0,"k":[0,0],"ix":1},"s":{"a":0,"k":[100,100],"ix":3},"sk":{"a":0,"k":0,"ix":4},"p":{"a":0,"k":[0,0],"ix":2},"r":{"a":0,"k":0,"ix":6},"sa":{"a":0,"k":0,"ix":5},"o":{"a":0,"k":100,"ix":7}}]},{"ty":"gr","bm":0,"hd":false,"mn":"ADBE Vector Group","nm":"Shape 3","ix":3,"cix":2,"np":3,"it":[{"ty":"sh","bm":0,"hd":false,"mn":"ADBE Vector Shape - Group","nm":"Path 1","ix":1,"d":1,"ks":{"a":0,"k":{"c":false,"i":[[0,0],[-32,36]],"o":[[0,0],[32,-36]],"v":[[20,-36],[50,-198]]},"ix":2}},{"ty":"fl","bm":0,"hd":true,"mn":"ADBE Vector Graphic - Fill","nm":"Fill 1","c":{"a":0,"k":[1,0,0],"ix":4},"r":1,"o":{"a":0,"k":100,"ix":5}},{"ty":"gs","bm":0,"hd":false,"mn":"ADBE Vector Graphic - G-Stroke","nm":"Gradient Stroke 1","e":{"a":0,"k":[100,0],"ix":5},"g":{"p":3,"k":{"a":0,"k":[0,0.12941176470588237,0.48627450980392156,0.11372549019607843,0.5,0,0.7137254901960784,0.9137254901960784,1,0.12941176470588237,0.48627450980392156,0.11372549019607843],"ix":8}},"t":1,"a":{"a":0,"k":0},"h":{"a":0,"k":0},"s":{"a":0,"k":[0,0],"ix":4},"lc":2,"lj":1,"ml":4,"o":{"a":0,"k":100,"ix":9},"w":{"a":0,"k":6,"ix":10}},{"ty":"tr","a":{"a":0,"k":[0,0],"ix":1},"s":{"a":0,"k":[100,100],"ix":3},"sk":{"a":0,"k":0,"ix":4},"p":{"a":0,"k":[0,0],"ix":2},"r":{"a":0,"k":0,"ix":6},"sa":{"a":0,"k":0,"ix":5},"o":{"a":0,"k":100,"ix":7}}]},{"ty":"gr","bm":0,"hd":false,"mn":"ADBE Vector Group","nm":"Shape 2","ix":4,"cix":2,"np":3,"it":[{"ty":"sh","bm":0,"hd":false,"mn":"ADBE Vector Shape - Group","nm":"Path 1","ix":1,"d":1,"ks":{"a":0,"k":{"c":false,"i":[[0,0],[77,-17]],"o":[[0,0],[-77,17]],"v":[[-74,-30],[-208,-116]]},"ix":2}},{"ty":"fl","bm":0,"hd":true,"mn":"ADBE Vector Graphic - Fill","nm":"Fill 1","c":{"a":0,"k":[1,0,0],"ix":4},"r":1,"o":{"a":0,"k":100,"ix":5}},{"ty":"gs","bm":0,"hd":false,"mn":"ADBE Vector Graphic - G-Stroke","nm":"Gradient Stroke 1","e":{"a":0,"k":[100,0],"ix":5},"g":{"p":3,"k":{"a":0,"k":[0,0.12941176470588237,0.48627450980392156,0.11372549019607843,0.5,0,0.7137254901960784,0.9137254901960784,1,0.12941176470588237,0.48627450980392156,0.11372549019607843],"ix":8}},"t":1,"a":{"a":0,"k":0},"h":{"a":0,"k":0},"s":{"a":0,"k":[0,0],"ix":4},"lc":2,"lj":1,"ml":4,"o":{"a":0,"k":100,"ix":9},"w":{"a":0,"k":6,"ix":10}},{"ty":"tr","a":{"a":0,"k":[0,0],"ix":1},"s":{"a":0,"k":[100,100],"ix":3},"sk":{"a":0,"k":0,"ix":4},"p":{"a":0,"k":[0,0],"ix":2},"r":{"a":0,"k":0,"ix":6},"sa":{"a":0,"k":0,"ix":5},"o":{"a":0,"k":100,"ix":7}}]},{"ty":"gr","bm":0,"hd":false,"mn":"ADBE Vector Group","nm":"Shape 1","ix":5,"cix":2,"np":3,"it":[{"ty":"sh","bm":0,"hd":false,"mn":"ADBE Vector Shape - Group","nm":"Path 1","ix":1,"d":1,"ks":{"a":0,"k":{"c":false,"i":[[0,0],[-85,-34]],"o":[[0,0],[85,34]],"v":[[129,-67],[308,-130]]},"ix":2}},{"ty":"fl","bm":0,"hd":true,"mn":"ADBE Vector Graphic - Fill","nm":"Fill 1","c":{"a":0,"k":[1,0,0],"ix":4},"r":1,"o":{"a":0,"k":100,"ix":5}},{"ty":"gs","bm":0,"hd":false,"mn":"ADBE Vector Graphic - G-Stroke","nm":"Gradient Stroke 1","e":{"a":0,"k":[100,0],"ix":5},"g":{"p":3,"k":{"a":0,"k":[0,0.12941176470588237,0.48627450980392156,0.11372549019607843,0.5,0,0.7137254901960784,0.9137254901960784,1,0.12941176470588237,0.48627450980392156,0.11372549019607843],"ix":8}},"t":1,"a":{"a":0,"k":0},"h":{"a":0,"k":0},"s":{"a":0,"k":[0,0],"ix":4},"lc":2,"lj":1,"ml":4,"o":{"a":0,"k":100,"ix":9},"w":{"a":0,"k":6,"ix":10}},{"ty":"tr","a":{"a":0,"k":[0,0],"ix":1},"s":{"a":0,"k":[100,100],"ix":3},"sk":{"a":0,"k":0,"ix":4},"p":{"a":0,"k":[0,0],"ix":2},"r":{"a":0,"k":0,"ix":6},"sa":{"a":0,"k":0,"ix":5},"o":{"a":0,"k":100,"ix":7}}]},{"ty":"tm","bm":0,"hd":false,"mn":"ADBE Vector Filter - Trim","nm":"Trim Paths 1","ix":6,"e":{"a":1,"k":[{"o":{"x":0.167,"y":0.167},"i":{"x":0,"y":1},"s":[0],"t":36},{"s":[100],"t":54.0000021994651}],"ix":2},"o":{"a":0,"k":0,"ix":3},"s":{"a":1,"k":[{"o":{"x":0.167,"y":0.167},"i":{"x":0,"y":1},"s":[0],"t":40},{"s":[100],"t":58.0000023623884}],"ix":1},"m":1}],"ind":3,"parent":1},{"ty":4,"nm":"Shape Layer 5","sr":1,"st":0,"op":316.000012870944,"ip":0,"hd":false,"ddd":0,"bm":0,"hasMask":false,"ao":0,"ks":{"a":{"a":0,"k":[0,93,0],"ix":1},"s":{"a":1,"k":[{"o":{"x":0.751,"y":0},"i":{"x":0.924,"y":1},"s":[49.726,49.726,100],"t":16},{"o":{"x":0.167,"y":0.167},"i":{"x":0.833,"y":0.833},"s":[132.726,132.726,100],"t":30},{"o":{"x":0.333,"y":0},"i":{"x":0.833,"y":1},"s":[132.726,132.726,100],"t":118},{"s":[49.726,49.726,100],"t":128.000005213547}],"ix":6},"sk":{"a":0,"k":0},"p":{"a":0,"k":[-13,138,0],"ix":2},"r":{"a":0,"k":0,"ix":10},"sa":{"a":0,"k":0},"o":{"a":0,"k":50,"ix":11}},"ef":[],"shapes":[{"ty":"gr","bm":0,"hd":false,"mn":"ADBE Vector Group","nm":"Shape 1","ix":1,"cix":2,"np":3,"it":[{"ty":"sh","bm":0,"hd":false,"mn":"ADBE Vector Shape - Group","nm":"Path 1","ix":1,"d":1,"ks":{"a":1,"k":[{"o":{"x":0.167,"y":0.167},"i":{"x":0.833,"y":0.833},"s":[{"c":true,"i":[[0,0],[0,-9.694],[0,0],[12.229,0],[0,0],[0,12.229],[0,0],[-12.229,0],[0,0],[0,4.98],[0,0],[-9.694,0]],"o":[[9.694,0],[0,0],[0,12.229],[0,0],[-12.229,0],[0,0],[0,-12.229],[0,0],[4.98,0],[0,0],[0,-9.694],[0,0]],"v":[[101.919,-93],[119.5,-75.419],[119.5,70.823],[97.323,93],[-97.323,93],[-119.5,70.823],[-119.5,-40.823],[-97.323,-63],[25.468,-63],[34.5,-72.032],[34.5,-75.419],[52.081,-93]]}],"t":32},{"o":{"x":0.167,"y":0.167},"i":{"x":0.833,"y":0.833},"s":[{"c":true,"i":[[0,0],[0.498,-9.625],[0,0],[12.229,0],[0,0],[0,12.229],[0,0],[-12.229,0],[0,0],[0,4.98],[0,0],[-9.694,0]],"o":[[9.694,0],[0,0],[0,12.229],[0,0],[-12.229,0],[0,0],[0.966,-12.341],[0,0],[4.98,0],[0,0],[0.725,-9.969],[0,0]],"v":[[109.669,-82.667],[126.389,-65.087],[119.5,70.823],[97.323,93],[-97.323,93],[-119.5,70.823],[-112.611,-30.49],[-90.09,-52.667],[32.356,-52.667],[41.389,-61.7],[41.776,-65.087],[59.83,-82.667]]}],"t":36},{"s":[{"c":true,"i":[[0,0],[0,-9.694],[0,0],[12.229,0],[0,0],[0,12.229],[0,0],[-12.229,0],[0,0],[0,4.98],[0,0],[-9.694,0]],"o":[[9.694,0],[0,0],[0,12.229],[0,0],[-12.229,0],[0,0],[0,-12.229],[0,0],[4.98,0],[0,0],[0,-9.694],[0,0]],"v":[[101.919,-93],[119.5,-75.419],[119.5,70.823],[97.323,93],[-97.323,93],[-119.5,70.823],[-119.5,-40.823],[-97.323,-63],[25.468,-63],[34.5,-72.032],[34.5,-75.419],[52.081,-93]]}],"t":40.0000016292334}],"ix":2}},{"ty":"st","bm":0,"hd":false,"mn":"ADBE Vector Graphic - Stroke","nm":"Stroke 1","lc":1,"lj":1,"ml":4,"o":{"a":0,"k":100,"ix":4},"w":{"a":0,"k":6,"ix":5},"c":{"a":0,"k":[0.1294,0.4863,0.1137],"ix":3}},{"ty":"fl","bm":0,"hd":true,"mn":"ADBE Vector Graphic - Fill","nm":"Fill 1","c":{"a":0,"k":[0.1294,0.4863,0.1137],"ix":4},"r":1,"o":{"a":0,"k":100,"ix":5}},{"ty":"tr","a":{"a":0,"k":[0,0],"ix":1},"s":{"a":0,"k":[100,100],"ix":3},"sk":{"a":0,"k":0,"ix":4},"p":{"a":0,"k":[0,0],"ix":2},"r":{"a":0,"k":0,"ix":6},"sa":{"a":0,"k":0,"ix":5},"o":{"a":0,"k":100,"ix":7}}]}],"ind":4,"parent":1},{"ty":4,"nm":"NO DATA Outlines","sr":1,"st":25.0000010182709,"op":106.000004317469,"ip":35.0000014255792,"hd":false,"ddd":0,"bm":0,"hasMask":false,"ao":0,"ks":{"a":{"a":0,"k":[0,0,0],"ix":1},"s":{"a":0,"k":[122.539,122.539,100],"ix":6},"sk":{"a":0,"k":0},"p":{"s":true,"x":{"a":0,"k":452,"ix":3},"y":{"a":1,"k":[{"o":{"x":0.03,"y":0.238},"i":{"x":0.667,"y":1},"s":[344],"t":35},{"o":{"x":0.333,"y":0},"i":{"x":0.667,"y":1},"s":[204],"t":45},{"o":{"x":0.333,"y":0},"i":{"x":0.957,"y":0.75},"s":[204],"t":98},{"s":[324],"t":105.000004276738}],"ix":4},"z":{"a":0,"k":0}},"r":{"a":0,"k":0,"ix":10},"sa":{"a":0,"k":0},"o":{"a":0,"k":100,"ix":11}},"ef":[],"shapes":[{"ty":"gr","bm":0,"hd":false,"mn":"ADBE Vector Group","nm":"N","ix":1,"cix":2,"np":3,"it":[{"ty":"sh","bm":0,"hd":false,"mn":"ADBE Vector Shape - Group","nm":"N","ix":1,"d":1,"ks":{"a":0,"k":{"c":true,"i":[[0,0],[0,0],[0,0],[0,0],[0,0],[0,0],[0,0],[0,0],[0,0],[0,0]],"o":[[0,0],[0,0],[0,0],[0,0],[0,0],[0,0],[0,0],[0,0],[0,0],[0,0]],"v":[[11.813,-28.459],[11.813,-15.645],[7.664,-28.459],[1.477,-28.459],[1.477,0],[7.664,0],[7.664,-12.938],[11.514,0],[18,0],[18,-28.459]]},"ix":2}},{"ty":"st","bm":0,"hd":true,"mn":"ADBE Vector Graphic - Stroke","nm":"Stroke 1","lc":1,"lj":1,"ml":4,"o":{"a":0,"k":100,"ix":4},"w":{"a":0,"k":2,"ix":5},"c":{"a":0,"k":[0,0,0],"ix":3}},{"ty":"fl","bm":0,"hd":false,"mn":"ADBE Vector Graphic - Fill","nm":"Fill 1","c":{"a":0,"k":[0.1294,0.4863,0.1137],"ix":4},"r":1,"o":{"a":0,"k":100,"ix":5}},{"ty":"tr","a":{"a":0,"k":[0,0],"ix":1},"s":{"a":0,"k":[100,100],"ix":3},"sk":{"a":0,"k":0,"ix":4},"p":{"a":0,"k":[0,0],"ix":2},"r":{"a":0,"k":0,"ix":6},"sa":{"a":0,"k":0,"ix":5},"o":{"a":0,"k":100,"ix":7}}]},{"ty":"gr","bm":0,"hd":false,"mn":"ADBE Vector Group","nm":"O","ix":2,"cix":2,"np":5,"it":[{"ty":"sh","bm":0,"hd":false,"mn":"ADBE Vector Shape - Group","nm":"O","ix":1,"d":1,"ks":{"a":0,"k":{"c":true,"i":[[0,0],[0.141,1.172],[0.738,0.996],[1.213,0.498],[1.523,0],[1.207,-0.527],[0.709,-0.984],[0.135,-1.189],[0,-2.859],[0,0],[-0.141,-1.172],[-0.738,-0.996],[-1.213,-0.498],[-1.524,0],[-1.207,0.527],[-0.709,0.984],[-0.135,1.19],[0,2.859]],"o":[[0,-2.93],[-0.141,-1.172],[-0.738,-0.996],[-1.213,-0.498],[-1.606,0],[-1.207,0.527],[-0.709,0.984],[-0.135,1.19],[0,0],[0,2.93],[0.141,1.172],[0.738,0.996],[1.213,0.498],[1.605,0],[1.207,-0.527],[0.709,-0.984],[0.135,-1.189],[0,0]],"v":[[37.881,-16.664],[37.67,-22.816],[36.352,-26.068],[33.425,-28.31],[29.32,-29.057],[25.102,-28.266],[22.228,-25.998],[20.962,-22.737],[20.76,-16.664],[20.76,-11.795],[20.971,-5.643],[22.289,-2.391],[25.216,-0.149],[29.32,0.598],[33.539,-0.193],[36.413,-2.461],[37.679,-5.722],[37.881,-11.795]]},"ix":2}},{"ty":"sh","bm":0,"hd":false,"mn":"ADBE Vector Shape - Group","nm":"O","ix":2,"d":1,"ks":{"a":0,"k":{"c":true,"i":[[0,0],[0.141,-0.445],[0.504,0],[0.135,0.387],[0,1.652],[0,0],[-0.205,0.299],[-0.387,0],[-0.147,-0.369],[0,-1.324]],"o":[[0,1.676],[-0.141,0.445],[-0.492,0],[-0.135,-0.387],[0,0],[0,-1.465],[0.205,-0.299],[0.457,0],[0.146,0.369],[0,0]],"v":[[30.48,-8.068],[30.27,-4.887],[29.303,-4.219],[28.362,-4.799],[28.16,-7.857],[28.16,-21.146],[28.468,-23.792],[29.355,-24.24],[30.261,-23.687],[30.48,-21.146]]},"ix":2}},{"ty":"mm","bm":0,"hd":false,"mn":"ADBE Vector Filter - Merge","nm":"Merge Paths 1","mm":1},{"ty":"st","bm":0,"hd":true,"mn":"ADBE Vector Graphic - Stroke","nm":"Stroke 1","lc":1,"lj":1,"ml":4,"o":{"a":0,"k":100,"ix":4},"w":{"a":0,"k":2,"ix":5},"c":{"a":0,"k":[0,0,0],"ix":3}},{"ty":"fl","bm":0,"hd":false,"mn":"ADBE Vector Graphic - Fill","nm":"Fill 1","c":{"a":0,"k":[0.1294,0.4863,0.1137],"ix":4},"r":1,"o":{"a":0,"k":100,"ix":5}},{"ty":"tr","a":{"a":0,"k":[0,0],"ix":1},"s":{"a":0,"k":[100,100],"ix":3},"sk":{"a":0,"k":0,"ix":4},"p":{"a":0,"k":[0,0],"ix":2},"r":{"a":0,"k":0,"ix":6},"sa":{"a":0,"k":0,"ix":5},"o":{"a":0,"k":100,"ix":7}}]},{"ty":"gr","bm":0,"hd":false,"mn":"ADBE Vector Group","nm":"D","ix":3,"cix":2,"np":5,"it":[{"ty":"sh","bm":0,"hd":false,"mn":"ADBE Vector Shape - Group","nm":"D","ix":1,"d":1,"ks":{"a":0,"k":{"c":true,"i":[[0,0],[0,0],[-0.879,0.193],[-0.598,0.486],[-0.24,0.861],[0,2.555],[0,0],[0.164,0.92],[0.656,0.75],[1.26,0.328],[3.574,0],[0,0]],"o":[[0,0],[1.769,0],[0.879,-0.193],[0.598,-0.486],[0.24,-0.861],[0,0],[0,-2.695],[-0.164,-0.92],[-0.656,-0.75],[-1.26,-0.328],[0,0],[0,0]],"v":[[46.986,0],[56.32,0],[60.293,-0.29],[62.508,-1.31],[63.765,-3.331],[64.125,-8.455],[64.125,-18.422],[63.879,-23.845],[62.648,-26.35],[59.774,-27.967],[52.523,-28.459],[46.986,-28.459]]},"ix":2}},{"ty":"sh","bm":0,"hd":false,"mn":"ADBE Vector Shape - Group","nm":"D","ix":2,"d":1,"ks":{"a":0,"k":{"c":true,"i":[[-0.293,-0.17],[-0.082,-0.363],[0,-1.289],[0,0],[0.246,-0.428],[1.066,0],[0,0]],"o":[[0.293,0.17],[0.082,0.363],[0,0],[0,1.898],[-0.246,0.428],[0,0],[0.809,0]],"v":[[56.039,-23.335],[56.602,-22.535],[56.725,-20.057],[56.725,-9],[56.355,-5.511],[54.387,-4.869],[54.387,-23.59]]},"ix":2}},{"ty":"mm","bm":0,"hd":false,"mn":"ADBE Vector Filter - Merge","nm":"Merge Paths 1","mm":1},{"ty":"st","bm":0,"hd":true,"mn":"ADBE Vector Graphic - Stroke","nm":"Stroke 1","lc":1,"lj":1,"ml":4,"o":{"a":0,"k":100,"ix":4},"w":{"a":0,"k":2,"ix":5},"c":{"a":0,"k":[0,0,0],"ix":3}},{"ty":"fl","bm":0,"hd":false,"mn":"ADBE Vector Graphic - Fill","nm":"Fill 1","c":{"a":0,"k":[0.1294,0.4863,0.1137],"ix":4},"r":1,"o":{"a":0,"k":100,"ix":5}},{"ty":"tr","a":{"a":0,"k":[0,0],"ix":1},"s":{"a":0,"k":[100,100],"ix":3},"sk":{"a":0,"k":0,"ix":4},"p":{"a":0,"k":[0,0],"ix":2},"r":{"a":0,"k":0,"ix":6},"sa":{"a":0,"k":0,"ix":5},"o":{"a":0,"k":100,"ix":7}}]},{"ty":"gr","bm":0,"hd":false,"mn":"ADBE Vector Group","nm":"A","ix":4,"cix":2,"np":5,"it":[{"ty":"sh","bm":0,"hd":false,"mn":"ADBE Vector Shape - Group","nm":"A","ix":1,"d":1,"ks":{"a":0,"k":{"c":true,"i":[[0,0],[0,0],[0,0],[0,0],[0,0],[0,0],[0,0],[0,0]],"o":[[0,0],[0,0],[0,0],[0,0],[0,0],[0,0],[0,0],[0,0]],"v":[[68.981,-28.459],[65.206,0],[72.857,0],[73.302,-5.115],[75.949,-5.115],[76.346,0],[83.909,0],[79.677,-28.459]]},"ix":2}},{"ty":"sh","bm":0,"hd":false,"mn":"ADBE Vector Shape - Group","nm":"A","ix":2,"d":1,"ks":{"a":0,"k":{"c":true,"i":[[0,0],[-0.754,5.449],[-0.375,-3.223]],"o":[[0.193,-2.519],[0.377,4.746],[0,0]],"v":[[73.208,-10.16],[74.628,-22.113],[75.755,-10.16]]},"ix":2}},{"ty":"mm","bm":0,"hd":false,"mn":"ADBE Vector Filter - Merge","nm":"Merge Paths 1","mm":1},{"ty":"st","bm":0,"hd":true,"mn":"ADBE Vector Graphic - Stroke","nm":"Stroke 1","lc":1,"lj":1,"ml":4,"o":{"a":0,"k":100,"ix":4},"w":{"a":0,"k":2,"ix":5},"c":{"a":0,"k":[0,0,0],"ix":3}},{"ty":"fl","bm":0,"hd":false,"mn":"ADBE Vector Graphic - Fill","nm":"Fill 1","c":{"a":0,"k":[0.1294,0.4863,0.1137],"ix":4},"r":1,"o":{"a":0,"k":100,"ix":5}},{"ty":"tr","a":{"a":0,"k":[0,0],"ix":1},"s":{"a":0,"k":[100,100],"ix":3},"sk":{"a":0,"k":0,"ix":4},"p":{"a":0,"k":[0,0],"ix":2},"r":{"a":0,"k":0,"ix":6},"sa":{"a":0,"k":0,"ix":5},"o":{"a":0,"k":100,"ix":7}}]},{"ty":"gr","bm":0,"hd":false,"mn":"ADBE Vector Group","nm":"T","ix":5,"cix":2,"np":3,"it":[{"ty":"sh","bm":0,"hd":false,"mn":"ADBE Vector Shape - Group","nm":"T","ix":1,"d":1,"ks":{"a":0,"k":{"c":true,"i":[[0,0],[0,0],[0,0],[0,0],[0,0],[0,0],[0,0],[0,0]],"o":[[0,0],[0,0],[0,0],[0,0],[0,0],[0,0],[0,0],[0,0]],"v":[[81.914,-28.459],[81.914,-22.764],[86.291,-22.764],[86.291,0],[93.691,0],[93.691,-22.764],[98.086,-22.764],[98.086,-28.459]]},"ix":2}},{"ty":"st","bm":0,"hd":true,"mn":"ADBE Vector Graphic - Stroke","nm":"Stroke 1","lc":1,"lj":1,"ml":4,"o":{"a":0,"k":100,"ix":4},"w":{"a":0,"k":2,"ix":5},"c":{"a":0,"k":[0,0,0],"ix":3}},{"ty":"fl","bm":0,"hd":false,"mn":"ADBE Vector Graphic - Fill","nm":"Fill 1","c":{"a":0,"k":[0.1294,0.4863,0.1137],"ix":4},"r":1,"o":{"a":0,"k":100,"ix":5}},{"ty":"tr","a":{"a":0,"k":[0,0],"ix":1},"s":{"a":0,"k":[100,100],"ix":3},"sk":{"a":0,"k":0,"ix":4},"p":{"a":0,"k":[0,0],"ix":2},"r":{"a":0,"k":0,"ix":6},"sa":{"a":0,"k":0,"ix":5},"o":{"a":0,"k":100,"ix":7}}]},{"ty":"gr","bm":0,"hd":false,"mn":"ADBE Vector Group","nm":"A","ix":6,"cix":2,"np":5,"it":[{"ty":"sh","bm":0,"hd":false,"mn":"ADBE Vector Shape - Group","nm":"A","ix":1,"d":1,"ks":{"a":0,"k":{"c":true,"i":[[0,0],[0,0],[0,0],[0,0],[0,0],[0,0],[0,0],[0,0]],"o":[[0,0],[0,0],[0,0],[0,0],[0,0],[0,0],[0,0],[0,0]],"v":[[100.428,-28.459],[96.653,0],[104.304,0],[104.749,-5.115],[107.396,-5.115],[107.793,0],[115.356,0],[111.125,-28.459]]},"ix":2}},{"ty":"sh","bm":0,"hd":false,"mn":"ADBE Vector Shape - Group","nm":"A","ix":2,"d":1,"ks":{"a":0,"k":{"c":true,"i":[[0,0],[-0.754,5.449],[-0.375,-3.223]],"o":[[0.193,-2.519],[0.377,4.746],[0,0]],"v":[[104.655,-10.16],[106.075,-22.113],[107.202,-10.16]]},"ix":2}},{"ty":"mm","bm":0,"hd":false,"mn":"ADBE Vector Filter - Merge","nm":"Merge Paths 1","mm":1},{"ty":"st","bm":0,"hd":true,"mn":"ADBE Vector Graphic - Stroke","nm":"Stroke 1","lc":1,"lj":1,"ml":4,"o":{"a":0,"k":100,"ix":4},"w":{"a":0,"k":2,"ix":5},"c":{"a":0,"k":[0,0,0],"ix":3}},{"ty":"fl","bm":0,"hd":false,"mn":"ADBE Vector Graphic - Fill","nm":"Fill 1","c":{"a":0,"k":[0.1294,0.4863,0.1137],"ix":4},"r":1,"o":{"a":0,"k":100,"ix":5}},{"ty":"tr","a":{"a":0,"k":[0,0],"ix":1},"s":{"a":0,"k":[100,100],"ix":3},"sk":{"a":0,"k":0,"ix":4},"p":{"a":0,"k":[0,0],"ix":2},"r":{"a":0,"k":0,"ix":6},"sa":{"a":0,"k":0,"ix":5},"o":{"a":0,"k":100,"ix":7}}]}],"ind":5}],"v":"5.4.1","fr":29.9700012207031,"op":132.00000537647,"ip":0,"assets":[]}