{"nm":"lost","ddd":0,"h":200,"w":200,"meta":{"g":"LottieFiles AE 3.0.2"},"layers":[{"ty":0,"nm":"connection lost","sr":1,"st":0,"op":120,"ip":0,"hd":false,"ddd":0,"bm":0,"hasMask":false,"ao":0,"ks":{"a":{"a":0,"k":[100,100,0],"ix":1},"s":{"a":0,"k":[100,100,100],"ix":6},"sk":{"a":0,"k":0},"p":{"a":0,"k":[100,100,0],"ix":2},"r":{"a":0,"k":-30,"ix":10},"sa":{"a":0,"k":0},"o":{"a":0,"k":100,"ix":11}},"ef":[],"w":200,"h":200,"refId":"comp_0","ind":1},{"ty":1,"nm":"White Solid 1","sr":1,"st":0,"op":120,"ip":0,"hd":false,"ddd":0,"bm":0,"hasMask":false,"ao":0,"ks":{"a":{"a":0,"k":[100,100,0],"ix":1},"s":{"a":0,"k":[100,100,100],"ix":6},"sk":{"a":0,"k":0},"p":{"a":0,"k":[100,100,0],"ix":2},"r":{"a":0,"k":0,"ix":10},"sa":{"a":0,"k":0},"o":{"a":0,"k":100,"ix":11}},"ef":[],"sc":"#ffffff","sh":200,"sw":200,"ind":2}],"v":"4.8.0","fr":24,"op":57,"ip":24,"assets":[{"nm":"","id":"comp_0","layers":[{"ty":4,"nm":"lightning/connection lost Outlines 4","sr":1,"st":-1,"op":37,"ip":31,"hd":false,"ddd":0,"bm":0,"hasMask":false,"ao":0,"ks":{"a":{"a":0,"k":[18.083,15.656,0],"ix":1},"s":{"a":0,"k":[32.613,32.613,100],"ix":6},"sk":{"a":0,"k":0},"p":{"a":1,"k":[{"o":{"x":0.167,"y":0.167},"i":{"x":0.833,"y":0.833},"s":[114.441,111.5,0],"t":31,"ti":[-1.625,-1.812,0],"to":[1.625,1.812,0]},{"s":[124.191,122.375,0],"t":36}],"ix":2},"r":{"a":0,"k":-68,"ix":10},"sa":{"a":0,"k":0},"o":{"a":0,"k":100,"ix":11}},"ef":[],"shapes":[{"ty":"gr","bm":0,"hd":false,"mn":"ADBE Vector Group","nm":"Group 2","ix":1,"cix":2,"np":2,"it":[{"ty":"sh","bm":0,"hd":false,"mn":"ADBE Vector Shape - Group","nm":"Path 1","ix":1,"d":1,"ks":{"a":0,"k":{"c":true,"i":[[0.038,0.161],[0.109,0.124],[0.155,0.057],[0,0],[0,0],[0.092,0.196],[0.191,0.102],[0.214,-0.037],[0.148,-0.16],[0,0],[0.043,-0.159],[-0.038,-0.161],[-0.109,-0.124],[-0.154,-0.06],[0,0],[0,0],[-0.092,-0.196],[-0.191,-0.103],[-0.161,-0.002],[-0.125,0.054],[-0.093,0.099],[0,0],[-0.043,0.16]],"o":[[-0.037,-0.161],[-0.109,-0.124],[0,0],[0,0],[0.042,-0.212],[-0.093,-0.196],[-0.192,-0.103],[-0.215,0.036],[0,0],[-0.115,0.119],[-0.044,0.159],[0.039,0.16],[0.109,0.124],[0,0],[0,0],[-0.042,0.212],[0.093,0.196],[0.143,0.072],[0.136,0.001],[0.125,-0.053],[0,0],[0.115,-0.119],[0.044,-0.159]],"v":[[10.975,-1.213],[10.752,-1.648],[10.35,-1.924],[3.15,-4.624],[4.975,-13.788],[4.898,-14.415],[4.462,-14.874],[3.835,-14.977],[3.275,-14.674],[-10.725,0.326],[-10.966,0.749],[-10.975,1.238],[-10.75,1.671],[-10.35,1.951],[-3.15,4.65],[-4.975,13.812],[-4.898,14.44],[-4.462,14.9],[-4,15.012],[-3.605,14.932],[-3.275,14.701],[10.725,-0.299],[10.966,-0.725]]},"ix":2}},{"ty":"fl","bm":0,"hd":false,"mn":"ADBE Vector Graphic - Fill","nm":"Fill 1","c":{"a":0,"k":[1,0.1725,0.1725],"ix":4},"r":1,"o":{"a":0,"k":100,"ix":5}},{"ty":"tr","a":{"a":0,"k":[0,0],"ix":1},"s":{"a":0,"k":[100,100],"ix":3},"sk":{"a":0,"k":0,"ix":4},"p":{"a":0,"k":[18.083,15.645],"ix":2},"r":{"a":0,"k":0,"ix":6},"sa":{"a":0,"k":0,"ix":5},"o":{"a":0,"k":100,"ix":7}}]},{"ty":"gr","bm":0,"hd":false,"mn":"ADBE Vector Group","nm":"Group 1","ix":2,"cix":2,"np":2,"it":[{"ty":"sh","bm":0,"hd":false,"mn":"ADBE Vector Shape - Group","nm":"Path 1","ix":1,"d":1,"ks":{"a":0,"k":{"c":true,"i":[[0.038,0.161],[0.109,0.124],[0.155,0.057],[0,0],[0,0],[0.092,0.196],[0.191,0.102],[0.214,-0.037],[0.148,-0.16],[0,0],[0.043,-0.159],[-0.038,-0.161],[-0.109,-0.124],[-0.154,-0.06],[0,0],[0,0],[-0.092,-0.196],[-0.191,-0.103],[-0.161,-0.002],[-0.125,0.054],[-0.093,0.099],[0,0],[-0.043,0.16]],"o":[[-0.037,-0.161],[-0.109,-0.124],[0,0],[0,0],[0.042,-0.212],[-0.093,-0.196],[-0.192,-0.103],[-0.215,0.036],[0,0],[-0.115,0.119],[-0.044,0.159],[0.039,0.16],[0.109,0.124],[0,0],[0,0],[-0.042,0.212],[0.093,0.196],[0.143,0.072],[0.136,0.001],[0.125,-0.053],[0,0],[0.115,-0.119],[0.044,-0.159]],"v":[[10.975,-1.213],[10.752,-1.648],[10.35,-1.924],[3.15,-4.624],[4.975,-13.788],[4.898,-14.415],[4.462,-14.874],[3.835,-14.977],[3.275,-14.674],[-10.725,0.326],[-10.966,0.749],[-10.975,1.238],[-10.75,1.671],[-10.35,1.951],[-3.15,4.65],[-4.975,13.812],[-4.898,14.44],[-4.462,14.9],[-4,15.012],[-3.605,14.932],[-3.275,14.701],[10.725,-0.299],[10.966,-0.725]]},"ix":2}},{"ty":"fl","bm":0,"hd":false,"mn":"ADBE Vector Graphic - Fill","nm":"Fill 1","c":{"a":0,"k":[1,0.1725,0.1725],"ix":4},"r":1,"o":{"a":0,"k":100,"ix":5}},{"ty":"tr","a":{"a":0,"k":[0,0],"ix":1},"s":{"a":0,"k":[100,100],"ix":3},"sk":{"a":0,"k":0,"ix":4},"p":{"a":0,"k":[18.083,15.645],"ix":2},"r":{"a":0,"k":0,"ix":6},"sa":{"a":0,"k":0,"ix":5},"o":{"a":0,"k":100,"ix":7}}]}],"ind":1},{"ty":4,"nm":"lightning/connection lost Outlines 3","sr":1,"st":3,"op":41,"ip":35,"hd":false,"ddd":0,"bm":0,"hasMask":false,"ao":0,"ks":{"a":{"a":0,"k":[18.083,15.656,0],"ix":1},"s":{"a":0,"k":[47.613,47.613,100],"ix":6},"sk":{"a":0,"k":0},"p":{"a":1,"k":[{"o":{"x":0.167,"y":0.167},"i":{"x":0.833,"y":0.833},"s":[101.256,117.519,0],"t":35,"ti":[0.771,-0.854,0],"to":[-0.771,0.854,0]},{"s":[96.631,122.644,0],"t":40}],"ix":2},"r":{"a":0,"k":2,"ix":10},"sa":{"a":0,"k":0},"o":{"a":0,"k":100,"ix":11}},"ef":[],"shapes":[{"ty":"gr","bm":0,"hd":false,"mn":"ADBE Vector Group","nm":"Group 2","ix":1,"cix":2,"np":2,"it":[{"ty":"sh","bm":0,"hd":false,"mn":"ADBE Vector Shape - Group","nm":"Path 1","ix":1,"d":1,"ks":{"a":0,"k":{"c":true,"i":[[0.038,0.161],[0.109,0.124],[0.155,0.057],[0,0],[0,0],[0.092,0.196],[0.191,0.102],[0.214,-0.037],[0.148,-0.16],[0,0],[0.043,-0.159],[-0.038,-0.161],[-0.109,-0.124],[-0.154,-0.06],[0,0],[0,0],[-0.092,-0.196],[-0.191,-0.103],[-0.161,-0.002],[-0.125,0.054],[-0.093,0.099],[0,0],[-0.043,0.16]],"o":[[-0.037,-0.161],[-0.109,-0.124],[0,0],[0,0],[0.042,-0.212],[-0.093,-0.196],[-0.192,-0.103],[-0.215,0.036],[0,0],[-0.115,0.119],[-0.044,0.159],[0.039,0.16],[0.109,0.124],[0,0],[0,0],[-0.042,0.212],[0.093,0.196],[0.143,0.072],[0.136,0.001],[0.125,-0.053],[0,0],[0.115,-0.119],[0.044,-0.159]],"v":[[10.975,-1.213],[10.752,-1.648],[10.35,-1.924],[3.15,-4.624],[4.975,-13.788],[4.898,-14.415],[4.462,-14.874],[3.835,-14.977],[3.275,-14.674],[-10.725,0.326],[-10.966,0.749],[-10.975,1.238],[-10.75,1.671],[-10.35,1.951],[-3.15,4.65],[-4.975,13.812],[-4.898,14.44],[-4.462,14.9],[-4,15.012],[-3.605,14.932],[-3.275,14.701],[10.725,-0.299],[10.966,-0.725]]},"ix":2}},{"ty":"fl","bm":0,"hd":false,"mn":"ADBE Vector Graphic - Fill","nm":"Fill 1","c":{"a":0,"k":[1,0.1725,0.1725],"ix":4},"r":1,"o":{"a":0,"k":100,"ix":5}},{"ty":"tr","a":{"a":0,"k":[0,0],"ix":1},"s":{"a":0,"k":[100,100],"ix":3},"sk":{"a":0,"k":0,"ix":4},"p":{"a":0,"k":[18.083,15.645],"ix":2},"r":{"a":0,"k":0,"ix":6},"sa":{"a":0,"k":0,"ix":5},"o":{"a":0,"k":100,"ix":7}}]},{"ty":"gr","bm":0,"hd":false,"mn":"ADBE Vector Group","nm":"Group 1","ix":2,"cix":2,"np":2,"it":[{"ty":"sh","bm":0,"hd":false,"mn":"ADBE Vector Shape - Group","nm":"Path 1","ix":1,"d":1,"ks":{"a":0,"k":{"c":true,"i":[[0.038,0.161],[0.109,0.124],[0.155,0.057],[0,0],[0,0],[0.092,0.196],[0.191,0.102],[0.214,-0.037],[0.148,-0.16],[0,0],[0.043,-0.159],[-0.038,-0.161],[-0.109,-0.124],[-0.154,-0.06],[0,0],[0,0],[-0.092,-0.196],[-0.191,-0.103],[-0.161,-0.002],[-0.125,0.054],[-0.093,0.099],[0,0],[-0.043,0.16]],"o":[[-0.037,-0.161],[-0.109,-0.124],[0,0],[0,0],[0.042,-0.212],[-0.093,-0.196],[-0.192,-0.103],[-0.215,0.036],[0,0],[-0.115,0.119],[-0.044,0.159],[0.039,0.16],[0.109,0.124],[0,0],[0,0],[-0.042,0.212],[0.093,0.196],[0.143,0.072],[0.136,0.001],[0.125,-0.053],[0,0],[0.115,-0.119],[0.044,-0.159]],"v":[[10.975,-1.213],[10.752,-1.648],[10.35,-1.924],[3.15,-4.624],[4.975,-13.788],[4.898,-14.415],[4.462,-14.874],[3.835,-14.977],[3.275,-14.674],[-10.725,0.326],[-10.966,0.749],[-10.975,1.238],[-10.75,1.671],[-10.35,1.951],[-3.15,4.65],[-4.975,13.812],[-4.898,14.44],[-4.462,14.9],[-4,15.012],[-3.605,14.932],[-3.275,14.701],[10.725,-0.299],[10.966,-0.725]]},"ix":2}},{"ty":"fl","bm":0,"hd":false,"mn":"ADBE Vector Graphic - Fill","nm":"Fill 1","c":{"a":0,"k":[1,0.1725,0.1725],"ix":4},"r":1,"o":{"a":0,"k":100,"ix":5}},{"ty":"tr","a":{"a":0,"k":[0,0],"ix":1},"s":{"a":0,"k":[100,100],"ix":3},"sk":{"a":0,"k":0,"ix":4},"p":{"a":0,"k":[18.083,15.645],"ix":2},"r":{"a":0,"k":0,"ix":6},"sa":{"a":0,"k":0,"ix":5},"o":{"a":0,"k":100,"ix":7}}]}],"ind":2},{"ty":4,"nm":"lightning/connection lost Outlines 2","sr":1,"st":0,"op":38,"ip":32,"hd":false,"ddd":0,"bm":0,"hasMask":false,"ao":0,"ks":{"a":{"a":0,"k":[18.083,15.656,0],"ix":1},"s":{"a":0,"k":[32.613,32.613,100],"ix":6},"sk":{"a":0,"k":0},"p":{"a":1,"k":[{"o":{"x":0.167,"y":0.167},"i":{"x":0.833,"y":0.833},"s":[96.942,87.06,0],"t":32,"ti":[2.562,2.354,0],"to":[-2.562,-2.354,0]},{"s":[81.567,72.935,0],"t":37}],"ix":2},"r":{"a":0,"k":-68,"ix":10},"sa":{"a":0,"k":0},"o":{"a":0,"k":100,"ix":11}},"ef":[],"shapes":[{"ty":"gr","bm":0,"hd":false,"mn":"ADBE Vector Group","nm":"Group 2","ix":1,"cix":2,"np":2,"it":[{"ty":"sh","bm":0,"hd":false,"mn":"ADBE Vector Shape - Group","nm":"Path 1","ix":1,"d":1,"ks":{"a":0,"k":{"c":true,"i":[[0.038,0.161],[0.109,0.124],[0.155,0.057],[0,0],[0,0],[0.092,0.196],[0.191,0.102],[0.214,-0.037],[0.148,-0.16],[0,0],[0.043,-0.159],[-0.038,-0.161],[-0.109,-0.124],[-0.154,-0.06],[0,0],[0,0],[-0.092,-0.196],[-0.191,-0.103],[-0.161,-0.002],[-0.125,0.054],[-0.093,0.099],[0,0],[-0.043,0.16]],"o":[[-0.037,-0.161],[-0.109,-0.124],[0,0],[0,0],[0.042,-0.212],[-0.093,-0.196],[-0.192,-0.103],[-0.215,0.036],[0,0],[-0.115,0.119],[-0.044,0.159],[0.039,0.16],[0.109,0.124],[0,0],[0,0],[-0.042,0.212],[0.093,0.196],[0.143,0.072],[0.136,0.001],[0.125,-0.053],[0,0],[0.115,-0.119],[0.044,-0.159]],"v":[[10.975,-1.213],[10.752,-1.648],[10.35,-1.924],[3.15,-4.624],[4.975,-13.788],[4.898,-14.415],[4.462,-14.874],[3.835,-14.977],[3.275,-14.674],[-10.725,0.326],[-10.966,0.749],[-10.975,1.238],[-10.75,1.671],[-10.35,1.951],[-3.15,4.65],[-4.975,13.812],[-4.898,14.44],[-4.462,14.9],[-4,15.012],[-3.605,14.932],[-3.275,14.701],[10.725,-0.299],[10.966,-0.725]]},"ix":2}},{"ty":"fl","bm":0,"hd":false,"mn":"ADBE Vector Graphic - Fill","nm":"Fill 1","c":{"a":0,"k":[1,0.1725,0.1725],"ix":4},"r":1,"o":{"a":0,"k":100,"ix":5}},{"ty":"tr","a":{"a":0,"k":[0,0],"ix":1},"s":{"a":0,"k":[100,100],"ix":3},"sk":{"a":0,"k":0,"ix":4},"p":{"a":0,"k":[18.083,15.645],"ix":2},"r":{"a":0,"k":0,"ix":6},"sa":{"a":0,"k":0,"ix":5},"o":{"a":0,"k":100,"ix":7}}]},{"ty":"gr","bm":0,"hd":false,"mn":"ADBE Vector Group","nm":"Group 1","ix":2,"cix":2,"np":2,"it":[{"ty":"sh","bm":0,"hd":false,"mn":"ADBE Vector Shape - Group","nm":"Path 1","ix":1,"d":1,"ks":{"a":0,"k":{"c":true,"i":[[0.038,0.161],[0.109,0.124],[0.155,0.057],[0,0],[0,0],[0.092,0.196],[0.191,0.102],[0.214,-0.037],[0.148,-0.16],[0,0],[0.043,-0.159],[-0.038,-0.161],[-0.109,-0.124],[-0.154,-0.06],[0,0],[0,0],[-0.092,-0.196],[-0.191,-0.103],[-0.161,-0.002],[-0.125,0.054],[-0.093,0.099],[0,0],[-0.043,0.16]],"o":[[-0.037,-0.161],[-0.109,-0.124],[0,0],[0,0],[0.042,-0.212],[-0.093,-0.196],[-0.192,-0.103],[-0.215,0.036],[0,0],[-0.115,0.119],[-0.044,0.159],[0.039,0.16],[0.109,0.124],[0,0],[0,0],[-0.042,0.212],[0.093,0.196],[0.143,0.072],[0.136,0.001],[0.125,-0.053],[0,0],[0.115,-0.119],[0.044,-0.159]],"v":[[10.975,-1.213],[10.752,-1.648],[10.35,-1.924],[3.15,-4.624],[4.975,-13.788],[4.898,-14.415],[4.462,-14.874],[3.835,-14.977],[3.275,-14.674],[-10.725,0.326],[-10.966,0.749],[-10.975,1.238],[-10.75,1.671],[-10.35,1.951],[-3.15,4.65],[-4.975,13.812],[-4.898,14.44],[-4.462,14.9],[-4,15.012],[-3.605,14.932],[-3.275,14.701],[10.725,-0.299],[10.966,-0.725]]},"ix":2}},{"ty":"fl","bm":0,"hd":false,"mn":"ADBE Vector Graphic - Fill","nm":"Fill 1","c":{"a":0,"k":[1,0.1725,0.1725],"ix":4},"r":1,"o":{"a":0,"k":100,"ix":5}},{"ty":"tr","a":{"a":0,"k":[0,0],"ix":1},"s":{"a":0,"k":[100,100],"ix":3},"sk":{"a":0,"k":0,"ix":4},"p":{"a":0,"k":[18.083,15.645],"ix":2},"r":{"a":0,"k":0,"ix":6},"sa":{"a":0,"k":0,"ix":5},"o":{"a":0,"k":100,"ix":7}}]}],"ind":3},{"ty":4,"nm":"lightning/connection lost Outlines","sr":1,"st":4,"op":42,"ip":36,"hd":false,"ddd":0,"bm":0,"hasMask":false,"ao":0,"ks":{"a":{"a":0,"k":[18.083,15.656,0],"ix":1},"s":{"a":0,"k":[47.613,47.613,100],"ix":6},"sk":{"a":0,"k":0},"p":{"a":1,"k":[{"o":{"x":0.167,"y":0.167},"i":{"x":0.833,"y":0.833},"s":[114.442,85.185,0],"t":36,"ti":[-0.708,1.021,0],"to":[0.708,-1.021,0]},{"s":[118.692,79.06,0],"t":41}],"ix":2},"r":{"a":0,"k":15,"ix":10},"sa":{"a":0,"k":0},"o":{"a":0,"k":100,"ix":11}},"ef":[],"shapes":[{"ty":"gr","bm":0,"hd":false,"mn":"ADBE Vector Group","nm":"Group 2","ix":1,"cix":2,"np":2,"it":[{"ty":"sh","bm":0,"hd":false,"mn":"ADBE Vector Shape - Group","nm":"Path 1","ix":1,"d":1,"ks":{"a":0,"k":{"c":true,"i":[[0.038,0.161],[0.109,0.124],[0.155,0.057],[0,0],[0,0],[0.092,0.196],[0.191,0.102],[0.214,-0.037],[0.148,-0.16],[0,0],[0.043,-0.159],[-0.038,-0.161],[-0.109,-0.124],[-0.154,-0.06],[0,0],[0,0],[-0.092,-0.196],[-0.191,-0.103],[-0.161,-0.002],[-0.125,0.054],[-0.093,0.099],[0,0],[-0.043,0.16]],"o":[[-0.037,-0.161],[-0.109,-0.124],[0,0],[0,0],[0.042,-0.212],[-0.093,-0.196],[-0.192,-0.103],[-0.215,0.036],[0,0],[-0.115,0.119],[-0.044,0.159],[0.039,0.16],[0.109,0.124],[0,0],[0,0],[-0.042,0.212],[0.093,0.196],[0.143,0.072],[0.136,0.001],[0.125,-0.053],[0,0],[0.115,-0.119],[0.044,-0.159]],"v":[[10.975,-1.213],[10.752,-1.648],[10.35,-1.924],[3.15,-4.624],[4.975,-13.788],[4.898,-14.415],[4.462,-14.874],[3.835,-14.977],[3.275,-14.674],[-10.725,0.326],[-10.966,0.749],[-10.975,1.238],[-10.75,1.671],[-10.35,1.951],[-3.15,4.65],[-4.975,13.812],[-4.898,14.44],[-4.462,14.9],[-4,15.012],[-3.605,14.932],[-3.275,14.701],[10.725,-0.299],[10.966,-0.725]]},"ix":2}},{"ty":"fl","bm":0,"hd":false,"mn":"ADBE Vector Graphic - Fill","nm":"Fill 1","c":{"a":0,"k":[1,0.1725,0.1725],"ix":4},"r":1,"o":{"a":0,"k":100,"ix":5}},{"ty":"tr","a":{"a":0,"k":[0,0],"ix":1},"s":{"a":0,"k":[100,100],"ix":3},"sk":{"a":0,"k":0,"ix":4},"p":{"a":0,"k":[18.083,15.645],"ix":2},"r":{"a":0,"k":0,"ix":6},"sa":{"a":0,"k":0,"ix":5},"o":{"a":0,"k":100,"ix":7}}]},{"ty":"gr","bm":0,"hd":false,"mn":"ADBE Vector Group","nm":"Group 1","ix":2,"cix":2,"np":2,"it":[{"ty":"sh","bm":0,"hd":false,"mn":"ADBE Vector Shape - Group","nm":"Path 1","ix":1,"d":1,"ks":{"a":0,"k":{"c":true,"i":[[0.038,0.161],[0.109,0.124],[0.155,0.057],[0,0],[0,0],[0.092,0.196],[0.191,0.102],[0.214,-0.037],[0.148,-0.16],[0,0],[0.043,-0.159],[-0.038,-0.161],[-0.109,-0.124],[-0.154,-0.06],[0,0],[0,0],[-0.092,-0.196],[-0.191,-0.103],[-0.161,-0.002],[-0.125,0.054],[-0.093,0.099],[0,0],[-0.043,0.16]],"o":[[-0.037,-0.161],[-0.109,-0.124],[0,0],[0,0],[0.042,-0.212],[-0.093,-0.196],[-0.192,-0.103],[-0.215,0.036],[0,0],[-0.115,0.119],[-0.044,0.159],[0.039,0.16],[0.109,0.124],[0,0],[0,0],[-0.042,0.212],[0.093,0.196],[0.143,0.072],[0.136,0.001],[0.125,-0.053],[0,0],[0.115,-0.119],[0.044,-0.159]],"v":[[10.975,-1.213],[10.752,-1.648],[10.35,-1.924],[3.15,-4.624],[4.975,-13.788],[4.898,-14.415],[4.462,-14.874],[3.835,-14.977],[3.275,-14.674],[-10.725,0.326],[-10.966,0.749],[-10.975,1.238],[-10.75,1.671],[-10.35,1.951],[-3.15,4.65],[-4.975,13.812],[-4.898,14.44],[-4.462,14.9],[-4,15.012],[-3.605,14.932],[-3.275,14.701],[10.725,-0.299],[10.966,-0.725]]},"ix":2}},{"ty":"fl","bm":0,"hd":false,"mn":"ADBE Vector Graphic - Fill","nm":"Fill 1","c":{"a":0,"k":[1,0.1725,0.1725],"ix":4},"r":1,"o":{"a":0,"k":100,"ix":5}},{"ty":"tr","a":{"a":0,"k":[0,0],"ix":1},"s":{"a":0,"k":[100,100],"ix":3},"sk":{"a":0,"k":0,"ix":4},"p":{"a":0,"k":[18.083,15.645],"ix":2},"r":{"a":0,"k":0,"ix":6},"sa":{"a":0,"k":0,"ix":5},"o":{"a":0,"k":100,"ix":7}}]}],"ind":4},{"ty":4,"nm":"cable-hole Outlines","sr":1,"st":0,"op":120,"ip":0,"hd":false,"ddd":0,"bm":0,"hasMask":false,"ao":0,"ks":{"a":{"a":0,"k":[1.25,2.25,0],"ix":1},"s":{"a":0,"k":[100,100,100],"ix":6},"sk":{"a":0,"k":0},"p":{"a":0,"k":[-15.75,16.25,0],"ix":2},"r":{"a":0,"k":0,"ix":10},"sa":{"a":0,"k":0},"o":{"a":0,"k":100,"ix":11}},"ef":[],"shapes":[{"ty":"gr","bm":0,"hd":false,"mn":"ADBE Vector Group","nm":"Group 1","ix":1,"cix":2,"np":2,"it":[{"ty":"sh","bm":0,"hd":false,"mn":"ADBE Vector Shape - Group","nm":"Path 1","ix":1,"d":1,"ks":{"a":0,"k":{"c":true,"i":[[-0.552,0],[0,-1.105],[0.552,0],[0,1.105]],"o":[[0.552,0],[0,1.105],[-0.552,0],[0,-1.105]],"v":[[0,-2],[1,0],[0,2],[-1,0]]},"ix":2}},{"ty":"fl","bm":0,"hd":false,"mn":"ADBE Vector Graphic - Fill","nm":"Fill 1","c":{"a":0,"k":[0.3216,0.3569,0.4235],"ix":4},"r":1,"o":{"a":0,"k":100,"ix":5}},{"ty":"tr","a":{"a":0,"k":[0,0],"ix":1},"s":{"a":0,"k":[100,100],"ix":3},"sk":{"a":0,"k":0,"ix":4},"p":{"a":0,"k":[1.25,2.25],"ix":2},"r":{"a":0,"k":0,"ix":6},"sa":{"a":0,"k":0,"ix":5},"o":{"a":0,"k":100,"ix":7}}]}],"ind":5,"parent":7},{"ty":4,"nm":"cable Outlines","sr":1,"st":0,"op":120,"ip":0,"hd":false,"ddd":0,"bm":0,"hasMask":false,"ao":0,"ks":{"a":{"a":0,"k":[11.75,3.25,0],"ix":1},"s":{"a":0,"k":[100,100,100],"ix":6},"sk":{"a":0,"k":0},"p":{"a":0,"k":[-6.25,16.25,0],"ix":2},"r":{"a":0,"k":0,"ix":10},"sa":{"a":0,"k":0},"o":{"a":0,"k":100,"ix":11}},"ef":[],"shapes":[{"ty":"gr","bm":0,"hd":false,"mn":"ADBE Vector Group","nm":"Group 1","ix":1,"cix":2,"np":3,"it":[{"ty":"sh","bm":0,"hd":false,"mn":"ADBE Vector Shape - Group","nm":"Path 2","ix":1,"d":1,"ks":{"a":0,"k":{"c":true,"i":[[0,0],[0,-1.657],[-1.104,0],[0,0],[0,1.657],[1.106,0]],"o":[[-1.104,0],[0,1.658],[0,0],[1.106,0],[0,-1.657],[0,0]],"v":[[-9.501,-3],[-11.5,0],[-9.501,3],[9.499,3],[11.5,0],[9.499,-3]]},"ix":2}},{"ty":"mm","bm":0,"hd":false,"mn":"ADBE Vector Filter - Merge","nm":"Merge Paths 1","mm":4},{"ty":"fl","bm":0,"hd":false,"mn":"ADBE Vector Graphic - Fill","nm":"Fill 1","c":{"a":0,"k":[0.7804,0.8039,0.8431],"ix":4},"r":1,"o":{"a":0,"k":100,"ix":5}},{"ty":"tr","a":{"a":0,"k":[0,0],"ix":1},"s":{"a":0,"k":[100,100],"ix":3},"sk":{"a":0,"k":0,"ix":4},"p":{"a":0,"k":[11.75,3.25],"ix":2},"r":{"a":0,"k":0,"ix":6},"sa":{"a":0,"k":0,"ix":5},"o":{"a":0,"k":100,"ix":7}}]}],"ind":6,"parent":7},{"ty":4,"nm":"+body Outlines","sr":1,"st":0,"op":120,"ip":0,"hd":false,"ddd":0,"bm":0,"hasMask":false,"ao":0,"ks":{"a":{"a":0,"k":[16.75,16.25,0],"ix":1},"s":{"a":0,"k":[100,100,100],"ix":6},"sk":{"a":0,"k":0},"p":{"a":1,"k":[{"o":{"x":0,"y":0},"i":{"x":0.023,"y":1},"s":[73.691,100,0],"t":24,"ti":[-1.333,0,0],"to":[-3.333,0,0]},{"o":{"x":1,"y":0},"i":{"x":0.909,"y":1},"s":[53.691,100,0],"t":26,"ti":[-3.833,0,0],"to":[1.333,0,0]},{"o":{"x":0.138,"y":0},"i":{"x":0,"y":1},"s":[81.691,100,0],"t":32,"ti":[0,0,0],"to":[3.833,0,0]},{"o":{"x":1,"y":0},"i":{"x":0.877,"y":1},"s":[76.691,100,0],"t":37,"ti":[0,0,0],"to":[0,0,0]},{"o":{"x":0,"y":0},"i":{"x":0,"y":1},"s":[81.691,100,0],"t":44,"ti":[1.333,0,0],"to":[0,0,0]},{"o":{"x":1,"y":0},"i":{"x":0.667,"y":1},"s":[76.691,100,0],"t":47,"ti":[0.5,0,0],"to":[-1.333,0,0]},{"s":[73.691,100,0],"t":52}],"ix":2},"r":{"a":0,"k":0,"ix":10},"sa":{"a":0,"k":0},"o":{"a":0,"k":100,"ix":11}},"ef":[],"shapes":[{"ty":"gr","bm":0,"hd":false,"mn":"ADBE Vector Group","nm":"Group 1","ix":1,"cix":2,"np":2,"it":[{"ty":"sh","bm":0,"hd":false,"mn":"ADBE Vector Shape - Group","nm":"Path 1","ix":1,"d":1,"ks":{"a":0,"k":{"c":true,"i":[[-8.561,0],[0,0],[0,-8.837],[3.866,0],[0,0],[0,8.561],[0,0]],"o":[[0,0],[3.866,0],[0,8.837],[0,0],[-8.561,0],[0,0],[0,-8.561]],"v":[[-1,-16],[9.5,-16],[16.5,0],[9.5,16],[-1,16],[-16.5,0.5],[-16.5,-0.5]]},"ix":2}},{"ty":"fl","bm":0,"hd":false,"mn":"ADBE Vector Graphic - Fill","nm":"Fill 1","c":{"a":0,"k":[0.0157,0.4863,0.051],"ix":4},"r":1,"o":{"a":0,"k":100,"ix":5}},{"ty":"tr","a":{"a":0,"k":[0,0],"ix":1},"s":{"a":0,"k":[100,100],"ix":3},"sk":{"a":0,"k":0,"ix":4},"p":{"a":0,"k":[16.75,16.25],"ix":2},"r":{"a":0,"k":0,"ix":6},"sa":{"a":0,"k":0,"ix":5},"o":{"a":0,"k":100,"ix":7}}]}],"ind":7},{"ty":4,"nm":"top+ Outlines","sr":1,"st":0,"op":120,"ip":0,"hd":false,"ddd":0,"bm":0,"hasMask":false,"ao":0,"ks":{"a":{"a":0,"k":[7.75,1.25,0],"ix":1},"s":{"a":0,"k":[100,100,100],"ix":6},"sk":{"a":0,"k":0},"p":{"a":0,"k":[33.75,10.078,0],"ix":2},"r":{"a":0,"k":0,"ix":10},"sa":{"a":0,"k":0},"o":{"a":0,"k":100,"ix":11}},"ef":[],"shapes":[{"ty":"gr","bm":0,"hd":false,"mn":"ADBE Vector Group","nm":"Group 1","ix":1,"cix":2,"np":3,"it":[{"ty":"sh","bm":0,"hd":false,"mn":"ADBE Vector Shape - Group","nm":"Path 2","ix":1,"d":1,"ks":{"a":0,"k":{"c":true,"i":[[0,0],[0,-0.552],[-0.553,0],[0,0],[0,0.552],[0.552,0]],"o":[[-0.553,0],[0,0.552],[0,0],[0.552,0],[0,-0.552],[0,0]],"v":[[-6.5,-1],[-7.5,0],[-6.5,1],[6.5,1],[7.5,0],[6.5,-1]]},"ix":2}},{"ty":"mm","bm":0,"hd":false,"mn":"ADBE Vector Filter - Merge","nm":"Merge Paths 1","mm":4},{"ty":"fl","bm":0,"hd":false,"mn":"ADBE Vector Graphic - Fill","nm":"Fill 1","c":{"a":0,"k":[0.7804,0.8039,0.8431],"ix":4},"r":1,"o":{"a":0,"k":100,"ix":5}},{"ty":"tr","a":{"a":0,"k":[0,0],"ix":1},"s":{"a":0,"k":[100,100],"ix":3},"sk":{"a":0,"k":0,"ix":4},"p":{"a":0,"k":[7.75,1.25],"ix":2},"r":{"a":0,"k":0,"ix":6},"sa":{"a":0,"k":0,"ix":5},"o":{"a":0,"k":100,"ix":7}}]}],"ind":8,"parent":7},{"ty":4,"nm":"bot+ Outlines","sr":1,"st":0,"op":120,"ip":0,"hd":false,"ddd":0,"bm":0,"hasMask":false,"ao":0,"ks":{"a":{"a":0,"k":[7.75,1.25,0],"ix":1},"s":{"a":0,"k":[100,100,100],"ix":6},"sk":{"a":0,"k":0},"p":{"a":0,"k":[33.75,22.078,0],"ix":2},"r":{"a":0,"k":0,"ix":10},"sa":{"a":0,"k":0},"o":{"a":0,"k":100,"ix":11}},"ef":[],"shapes":[{"ty":"gr","bm":0,"hd":false,"mn":"ADBE Vector Group","nm":"Group 1","ix":1,"cix":2,"np":3,"it":[{"ty":"sh","bm":0,"hd":false,"mn":"ADBE Vector Shape - Group","nm":"Path 2","ix":1,"d":1,"ks":{"a":0,"k":{"c":true,"i":[[0,0],[0,-0.552],[-0.553,0],[0,0],[0,0.553],[0.552,0]],"o":[[-0.553,0],[0,0.553],[0,0],[0.552,0],[0,-0.552],[0,0]],"v":[[-6.5,-1],[-7.5,0],[-6.5,1],[6.5,1],[7.5,0],[6.5,-1]]},"ix":2}},{"ty":"mm","bm":0,"hd":false,"mn":"ADBE Vector Filter - Merge","nm":"Merge Paths 1","mm":4},{"ty":"fl","bm":0,"hd":false,"mn":"ADBE Vector Graphic - Fill","nm":"Fill 1","c":{"a":0,"k":[0.7804,0.8039,0.8431],"ix":4},"r":1,"o":{"a":0,"k":100,"ix":5}},{"ty":"tr","a":{"a":0,"k":[0,0],"ix":1},"s":{"a":0,"k":[100,100],"ix":3},"sk":{"a":0,"k":0,"ix":4},"p":{"a":0,"k":[7.75,1.25],"ix":2},"r":{"a":0,"k":0,"ix":6},"sa":{"a":0,"k":0,"ix":5},"o":{"a":0,"k":100,"ix":7}}]}],"ind":9,"parent":7},{"ty":4,"nm":"-holes Outlines","sr":1,"st":0,"op":120,"ip":0,"hd":false,"ddd":0,"bm":0,"hasMask":false,"ao":0,"ks":{"a":{"a":0,"k":[2.25,7.25,0],"ix":1},"s":{"a":0,"k":[100,100,100],"ix":6},"sk":{"a":0,"k":0},"p":{"a":0,"k":[-0.75,16.25,0],"ix":2},"r":{"a":0,"k":0,"ix":10},"sa":{"a":0,"k":0},"o":{"a":0,"k":100,"ix":11}},"ef":[],"shapes":[{"ty":"gr","bm":0,"hd":false,"mn":"ADBE Vector Group","nm":"Group 1","ix":1,"cix":2,"np":2,"it":[{"ty":"sh","bm":0,"hd":false,"mn":"ADBE Vector Shape - Group","nm":"Path 1","ix":1,"d":1,"ks":{"a":0,"k":{"c":true,"i":[[-0.552,0],[0,0],[0,-0.552],[0.552,0],[0,0],[0,0.552]],"o":[[0,0],[0.552,0],[0,0.552],[0,0],[-0.552,0],[0,-0.552]],"v":[[-1,-1],[1,-1],[2,0],[1,1],[-1,1],[-2,0]]},"ix":2}},{"ty":"fl","bm":0,"hd":false,"mn":"ADBE Vector Graphic - Fill","nm":"Fill 1","c":{"a":0,"k":[0.3216,0.3569,0.4235],"ix":4},"r":1,"o":{"a":0,"k":100,"ix":5}},{"ty":"tr","a":{"a":0,"k":[0,0],"ix":1},"s":{"a":0,"k":[100,100],"ix":3},"sk":{"a":0,"k":0,"ix":4},"p":{"a":0,"k":[2.25,13.25],"ix":2},"r":{"a":0,"k":0,"ix":6},"sa":{"a":0,"k":0,"ix":5},"o":{"a":0,"k":100,"ix":7}}]},{"ty":"gr","bm":0,"hd":false,"mn":"ADBE Vector Group","nm":"Group 2","ix":2,"cix":2,"np":2,"it":[{"ty":"sh","bm":0,"hd":false,"mn":"ADBE Vector Shape - Group","nm":"Path 1","ix":1,"d":1,"ks":{"a":0,"k":{"c":true,"i":[[-0.552,0],[0,0],[0,-0.552],[0.552,0],[0,0],[0,0.552]],"o":[[0,0],[0.552,0],[0,0.552],[0,0],[-0.552,0],[0,-0.552]],"v":[[-1,-1],[1,-1],[2,0],[1,1],[-1,1],[-2,0]]},"ix":2}},{"ty":"fl","bm":0,"hd":false,"mn":"ADBE Vector Graphic - Fill","nm":"Fill 1","c":{"a":0,"k":[0.3216,0.3569,0.4235],"ix":4},"r":1,"o":{"a":0,"k":100,"ix":5}},{"ty":"tr","a":{"a":0,"k":[0,0],"ix":1},"s":{"a":0,"k":[100,100],"ix":3},"sk":{"a":0,"k":0,"ix":4},"p":{"a":0,"k":[2.25,1.25],"ix":2},"r":{"a":0,"k":0,"ix":6},"sa":{"a":0,"k":0,"ix":5},"o":{"a":0,"k":100,"ix":7}}]}],"ind":10,"parent":13},{"ty":4,"nm":"-circle1 Outlines","sr":1,"st":0,"op":120,"ip":0,"hd":false,"ddd":0,"bm":0,"hasMask":false,"ao":0,"ks":{"a":{"a":0,"k":[5.25,13.25,0],"ix":1},"s":{"a":0,"k":[100,100,100],"ix":6},"sk":{"a":0,"k":0},"p":{"a":0,"k":[-0.75,16.25,0],"ix":2},"r":{"a":0,"k":0,"ix":10},"sa":{"a":0,"k":0},"o":{"a":0,"k":100,"ix":11}},"ef":[],"shapes":[{"ty":"gr","bm":0,"hd":false,"mn":"ADBE Vector Group","nm":"Group 1","ix":1,"cix":2,"np":2,"it":[{"ty":"sh","bm":0,"hd":false,"mn":"ADBE Vector Shape - Group","nm":"Path 1","ix":1,"d":1,"ks":{"a":0,"k":{"c":true,"i":[[-2.761,0],[0,-7.18],[2.761,0],[0,7.18]],"o":[[2.761,0],[0,7.18],[-2.761,0],[0,-7.18]],"v":[[0,-13],[5,0],[0,13],[-5,0]]},"ix":2}},{"ty":"fl","bm":0,"hd":false,"mn":"ADBE Vector Graphic - Fill","nm":"Fill 1","c":{"a":0,"k":[0.7804,0.8039,0.8431],"ix":4},"r":1,"o":{"a":0,"k":100,"ix":5}},{"ty":"tr","a":{"a":0,"k":[0,0],"ix":1},"s":{"a":0,"k":[100,100],"ix":3},"sk":{"a":0,"k":0,"ix":4},"p":{"a":0,"k":[5.25,13.25],"ix":2},"r":{"a":0,"k":0,"ix":6},"sa":{"a":0,"k":0,"ix":5},"o":{"a":0,"k":100,"ix":7}}]}],"ind":11,"parent":13},{"ty":4,"nm":"-circle Outlines","sr":1,"st":0,"op":120,"ip":0,"hd":false,"ddd":0,"bm":0,"hasMask":false,"ao":0,"ks":{"a":{"a":0,"k":[7.25,16.25,0],"ix":1},"s":{"a":0,"k":[100,100,100],"ix":6},"sk":{"a":0,"k":0},"p":{"a":0,"k":[-0.75,16.25,0],"ix":2},"r":{"a":0,"k":0,"ix":10},"sa":{"a":0,"k":0},"o":{"a":0,"k":100,"ix":11}},"ef":[],"shapes":[{"ty":"gr","bm":0,"hd":false,"mn":"ADBE Vector Group","nm":"Group 1","ix":1,"cix":2,"np":2,"it":[{"ty":"sh","bm":0,"hd":false,"mn":"ADBE Vector Shape - Group","nm":"Path 1","ix":1,"d":1,"ks":{"a":0,"k":{"c":true,"i":[[-3.866,0],[0,-8.837],[3.866,0],[0,8.837]],"o":[[3.866,0],[0,8.837],[-3.866,0],[0,-8.837]],"v":[[0,-16],[7,0],[0,16],[-7,0]]},"ix":2}},{"ty":"fl","bm":0,"hd":false,"mn":"ADBE Vector Graphic - Fill","nm":"Fill 1","c":{"a":0,"k":[0.8824,0.8941,0.9059],"ix":4},"r":1,"o":{"a":0,"k":100,"ix":5}},{"ty":"tr","a":{"a":0,"k":[0,0],"ix":1},"s":{"a":0,"k":[100,100],"ix":3},"sk":{"a":0,"k":0,"ix":4},"p":{"a":0,"k":[7.25,16.25],"ix":2},"r":{"a":0,"k":0,"ix":6},"sa":{"a":0,"k":0,"ix":5},"o":{"a":0,"k":100,"ix":7}}]}],"ind":12,"parent":13},{"ty":4,"nm":"-body Outlines","sr":1,"st":0,"op":120,"ip":0,"hd":false,"ddd":0,"bm":0,"hasMask":false,"ao":0,"ks":{"a":{"a":0,"k":[12.75,16.25,0],"ix":1},"s":{"a":0,"k":[100,100,100],"ix":6},"sk":{"a":0,"k":0},"p":{"a":1,"k":[{"o":{"x":0,"y":0},"i":{"x":0,"y":1},"s":[129.691,100,0],"t":24,"ti":[1.5,0,0],"to":[3.333,0,0]},{"o":{"x":1,"y":0},"i":{"x":1,"y":1},"s":[149.691,100,0],"t":26,"ti":[4,0,0],"to":[-1.5,0,0]},{"o":{"x":0.099,"y":0},"i":{"x":0,"y":1},"s":[120.691,100,0],"t":32,"ti":[0,0,0],"to":[-4,0,0]},{"o":{"x":1,"y":0},"i":{"x":1,"y":1},"s":[125.691,100,0],"t":37,"ti":[0,0,0],"to":[0,0,0]},{"o":{"x":0.333,"y":0},"i":{"x":0,"y":1},"s":[120.691,100,0],"t":44,"ti":[-1.5,0,0],"to":[0,0,0]},{"o":{"x":1,"y":0},"i":{"x":0.667,"y":1},"s":[125.691,100,0],"t":47,"ti":[-0.667,0,0],"to":[1.5,0,0]},{"s":[129.691,100,0],"t":52}],"ix":2},"r":{"a":0,"k":0,"ix":10},"sa":{"a":0,"k":0},"o":{"a":0,"k":100,"ix":11}},"ef":[],"shapes":[{"ty":"gr","bm":0,"hd":false,"mn":"ADBE Vector Group","nm":"Group 1","ix":1,"cix":2,"np":2,"it":[{"ty":"sh","bm":0,"hd":false,"mn":"ADBE Vector Shape - Group","nm":"Path 1","ix":1,"d":1,"ks":{"a":0,"k":{"c":true,"i":[[0,0],[0,0],[0,-8.56],[0,0],[8.56,0],[0,0]],"o":[[0,0],[8.56,0],[0,0],[0,8.56],[0,0],[0,0]],"v":[[-12.5,-16],[-3,-16],[12.5,-0.5],[12.5,0.5],[-3,16],[-12.5,16]]},"ix":2}},{"ty":"fl","bm":0,"hd":false,"mn":"ADBE Vector Graphic - Fill","nm":"Fill 1","c":{"a":0,"k":[0.0157,0.4863,0.051],"ix":4},"r":1,"o":{"a":0,"k":100,"ix":5}},{"ty":"tr","a":{"a":0,"k":[0,0],"ix":1},"s":{"a":0,"k":[100,100],"ix":3},"sk":{"a":0,"k":0,"ix":4},"p":{"a":0,"k":[12.75,16.25],"ix":2},"r":{"a":0,"k":0,"ix":6},"sa":{"a":0,"k":0,"ix":5},"o":{"a":0,"k":100,"ix":7}}]}],"ind":13},{"ty":4,"nm":"-cable Outlines","sr":1,"st":0,"op":120,"ip":0,"hd":false,"ddd":0,"bm":0,"hasMask":false,"ao":0,"ks":{"a":{"a":0,"k":[12.75,3.25,0],"ix":1},"s":{"a":0,"k":[100,100,100],"ix":6},"sk":{"a":0,"k":0},"p":{"a":0,"k":[30.75,16.25,0],"ix":2},"r":{"a":0,"k":0,"ix":10},"sa":{"a":0,"k":0},"o":{"a":0,"k":100,"ix":11}},"ef":[],"shapes":[{"ty":"gr","bm":0,"hd":false,"mn":"ADBE Vector Group","nm":"Group 1","ix":1,"cix":2,"np":3,"it":[{"ty":"sh","bm":0,"hd":false,"mn":"ADBE Vector Shape - Group","nm":"Path 2","ix":1,"d":1,"ks":{"a":0,"k":{"c":true,"i":[[0,0],[0,0],[0,0],[0,1.658],[1.105,0]],"o":[[0,0],[0,0],[1.105,0],[0,-1.657],[0,0]],"v":[[-12.5,-3],[-12.5,3],[10.5,3],[12.5,0],[10.5,-3]]},"ix":2}},{"ty":"mm","bm":0,"hd":false,"mn":"ADBE Vector Filter - Merge","nm":"Merge Paths 1","mm":4},{"ty":"fl","bm":0,"hd":false,"mn":"ADBE Vector Graphic - Fill","nm":"Fill 1","c":{"a":0,"k":[0.7804,0.8039,0.8431],"ix":4},"r":1,"o":{"a":0,"k":100,"ix":5}},{"ty":"tr","a":{"a":0,"k":[0,0],"ix":1},"s":{"a":0,"k":[100,100],"ix":3},"sk":{"a":0,"k":0,"ix":4},"p":{"a":0,"k":[12.75,3.25],"ix":2},"r":{"a":0,"k":0,"ix":6},"sa":{"a":0,"k":0,"ix":5},"o":{"a":0,"k":100,"ix":7}}]}],"ind":14,"parent":13}]}]}